<?xml version="1.0" encoding="UTF-8"?>
<metadata xml:lang="pt"><Esri><CreaDate>20190513</CreaDate><CreaTime>14203500</CreaTime><SyncOnce>TRUE</SyncOnce><DataProperties><itemProps><itemLocation><linkage Sync="TRUE">file://\\FABRIZIOPRIOR\E$\Iguape\Layout_Geologia_Folha Iguape\commondata\iguape\Geobank_recmin_iguape</linkage><protocol Sync="TRUE">Local Area Network</protocol></itemLocation></itemProps><copyHistory><copy source="E:\Iguape\Geobank_recmin_iguape" dest="\\FABRIZIOPRIOR\E$\Iguape\Layout_Geologia_Folha Iguape\commondata\iguape\Geobank_recmin_iguape" date="20141219" time="15140600"></copy></copyHistory><lineage><Process Name="Excluir Campo" ToolSource="c:\program files (x86)\arcgis\desktop10.6\ArcToolbox\Toolboxes\Data Management Tools.tbx\DeleteField" Date="20190528" Time="101726">DeleteField Iguape_Rec_min OBJECTID;Shape_Leng;Id;Shape_Area;ET_ID</Process></lineage></DataProperties><ArcGISFormat>1.0</ArcGISFormat><ArcGISstyle>XTools Pro Metadata</ArcGISstyle></Esri></metadata>
