<?xml version="1.0" encoding="UTF-8"?>
<metadata xml:lang="pt"><Esri><CreaDate>20190513</CreaDate><CreaTime>14201800</CreaTime><SyncOnce>TRUE</SyncOnce><DataProperties><itemProps><itemLocation><linkage Sync="TRUE">file://\\FABRIZIOPRIOR\E$\Iguape\Layout_Geologia_Folha Iguape\commondata\data0\RecMin_MPMB_Iguape</linkage><protocol Sync="TRUE">Local Area Network</protocol></itemLocation></itemProps><copyHistory><copy source="C:\Users\fabrizio.caltabeloti\Documents\ArcGIS\Packages\Layout_Geologia_Folha Iguape_AA1FCE62-48AF-4D10-B7E2-E4C5174433A3\commondata\data0\RecMin_MPMB_Iguape" dest="\\FABRIZIOPRIOR\E$\Iguape\Layout_Geologia_Folha Iguape\commondata\data0\RecMin_MPMB_Iguape" date="20141219" time="15141400"></copy></copyHistory><lineage><Process ToolSource="c:\program files (x86)\arcgis\desktop10.5\ArcToolbox\Toolboxes\Data Management Tools.tbx\Project" Date="20180413" Time="162628">Project RecMin_MPMB_Iguape "E:\CPRM\PAT_2018\PENDENCIAS\Iguape Registro\SIGs\Iguape\Recursos_Minerais\RecMin_MPMB_SIRGAS2000.shp" GEOGCS['GCS_SIRGAS_2000',DATUM['D_SIRGAS_2000',SPHEROID['GRS_1980',6378137.0,298.257222101]],PRIMEM['Greenwich',0.0],UNIT['Degree',0.0174532925199433]] SIRGAS_2000_To_WGS_1984_1 PROJCS['WGS_1984_UTM_Zone_23S',GEOGCS['GCS_WGS_1984',DATUM['D_WGS_1984',SPHEROID['WGS_1984',6378137.0,298.257223563]],PRIMEM['Greenwich',0.0],UNIT['Degree',0.0174532925199433]],PROJECTION['Transverse_Mercator'],PARAMETER['False_Easting',500000.0],PARAMETER['False_Northing',10000000.0],PARAMETER['Central_Meridian',-45.0],PARAMETER['Scale_Factor',0.9996],PARAMETER['Latitude_Of_Origin',0.0],UNIT['Meter',1.0]] NO_PRESERVE_SHAPE # NO_VERTICAL</Process><Process Name="Excluir Campo" ToolSource="c:\program files (x86)\arcgis\desktop10.6\ArcToolbox\Toolboxes\Data Management Tools.tbx\DeleteField" Date="20190528" Time="101726">DeleteField Iguape_Rec_min_Mapa OBJECTID;Shape_Leng;Id;Shape_Area;ET_ID</Process></lineage></DataProperties><ArcGISFormat>1.0</ArcGISFormat><ArcGISstyle>XTools Pro Metadata</ArcGISstyle></Esri></metadata>
