<?xml version="1.0" encoding="UTF-8"?>
<metadata xml:lang="pt"><Esri><CreaDate>20190923</CreaDate><CreaTime>14492300</CreaTime><ArcGISFormat>1.0</ArcGISFormat><SyncOnce>TRUE</SyncOnce><DataProperties><lineage><Process ToolSource="c:\program files (x86)\arcgis\desktop10.6\ArcToolbox\Toolboxes\Data Management Tools.tbx\Project" Date="20190923" Time="144923">Project Cerro_Azul_drenagem_unifilar "S:\gerinf\DIGEOP\Atividades_2019\Estagiarios_2019\Cassio\02.Mapas_Andamento\Cerro Azul\00.Pasta_projetos\Planimetria\Cerro_Azul_drenagem_unifilar1.shp" GEOGCS['GCS_SIRGAS_2000',DATUM['D_SIRGAS_2000',SPHEROID['GRS_1980',6378137.0,298.257222101]],PRIMEM['Greenwich',0.0],UNIT['Degree',0.0174532925199433]] SIRGAS_2000_To_WGS_1984_1 GEOGCS['GCS_WGS_1984',DATUM['D_WGS_1984',SPHEROID['WGS_1984',6378137.0,298.257223563]],PRIMEM['Greenwich',0.0],UNIT['Degree',0.0174532925199433]] NO_PRESERVE_SHAPE # NO_VERTICAL</Process><Process ToolSource="c:\program files (x86)\arcgis\desktop10.6\ArcToolbox\Toolboxes\Data Management Tools.tbx\CalculateField" Date="20191021" Time="115422">CalculateField Cerro_Azul_drenagem_unifilar TIPO "Rio Perene" VB #</Process><Process ToolSource="c:\program files (x86)\arcgis\desktop10.6\ArcToolbox\Toolboxes\Data Management Tools.tbx\CalculateField" Date="20191021" Time="115552">CalculateField Cerro_Azul_drenagem_unifilar TIPO "Rio Intermitente" VB #</Process><Process ToolSource="c:\program files (x86)\arcgis\desktop10.6\ArcToolbox\Toolboxes\Data Management Tools.tbx\CalculateField" Date="20191021" Time="115630">CalculateField Cerro_Azul_drenagem_unifilar TIPO "Rio Perene" VB #</Process><Process ToolSource="c:\program files (x86)\arcgis\desktop10.6\ArcToolbox\Toolboxes\Data Management Tools.tbx\CalculateField" Date="20191021" Time="115735">CalculateField Cerro_Azul_drenagem_unifilar TIPO "Rio Perene" VB #</Process></lineage><itemProps><itemLocation><linkage Sync="TRUE">file://\\Wsafs01\sa\gerinf\DIGEOP\Atividades_2019\Estagiarios_2019\Cassio\02.Mapas_Andamento\Cerro Azul\00.Pasta_projetos\Hidrografia\Cerro_Azul_drenagem_unifilar1</linkage><protocol Sync="TRUE">Local Area Network</protocol></itemLocation></itemProps><copyHistory><copy source="\\Wsafs01\sa\gerinf\DIGEOP\Atividades_2019\Estagiarios_2019\Cassio\02.Mapas_Andamento\Cerro Azul\00.Pasta_projetos\Planimetria\Cerro_Azul_drenagem_unifilar1" dest="\\Wsafs01\sa\gerinf\DIGEOP\Atividades_2019\Estagiarios_2019\Cassio\02.Mapas_Andamento\Cerro Azul\00.Pasta_projetos\Hidrografia\Cerro_Azul_drenagem_unifilar1" date="20190923" time="14502200"></copy></copyHistory></DataProperties></Esri></metadata>
