<?xml version="1.0" encoding="UTF-8"?>
<metadata xml:lang="pt"><Esri><CreaDate>20190923</CreaDate><CreaTime>14502600</CreaTime><ArcGISFormat>1.0</ArcGISFormat><SyncOnce>TRUE</SyncOnce><DataProperties><itemProps><itemLocation><linkage Sync="TRUE">file://\\Wsafs01\sa\gerinf\DIGEOP\Atividades_2019\Estagiarios_2019\Cassio\02.Mapas_Andamento\Cerro Azul\00.Pasta_projetos\Hidrografia\Cerro_Azul_drenagem_bifilar</linkage><protocol Sync="TRUE">Local Area Network</protocol></itemLocation></itemProps><copyHistory><copy source="\\Wsafs01\sa\gerinf\DIGEOP\Atividades_2019\Estagiarios_2019\Cassio\02.Mapas_Andamento\Cerro Azul\00.Pasta_projetos\Planimetria\Cerro_Azul_drenagem_bifilar" dest="\\Wsafs01\sa\gerinf\DIGEOP\Atividades_2019\Estagiarios_2019\Cassio\02.Mapas_Andamento\Cerro Azul\00.Pasta_projetos\Hidrografia\Cerro_Azul_drenagem_bifilar" date="20190923" time="14502600"></copy></copyHistory><lineage><Process ToolSource="c:\program files (x86)\arcgis\desktop10.6\ArcToolbox\Toolboxes\Data Management Tools.tbx\CalculateField" Date="20191021" Time="114551">CalculateField Cerro_Azul_drenagem_bifilar TIPO "Rio" VB #</Process></lineage></DataProperties></Esri></metadata>
