<?xml version="1.0" encoding="UTF-8"?>
<metadata xml:lang="pt"><Esri><CreaDate>20221122</CreaDate><CreaTime>14225600</CreaTime><ArcGISFormat>1.0</ArcGISFormat><SyncOnce>FALSE</SyncOnce><DataProperties><lineage><Process ToolSource="c:\program files (x86)\arcgis\desktop10.8\ArcToolbox\Toolboxes\Data Management Tools.tbx\Project" Date="20221122" Time="123652">Project SG22XBIII_lc_areaurbana C:\Users\mauricio.pavan\Documents\ArcGIS\Packages\Layout_Capao_Bonito_100K_Nov_2022_1B2CC44E-CD19-4858-A93B-8A8908503EE5\v108\capao_bonito.gdb\geologia\area_urbana GEOGCS['GCS_SIRGAS_2000',DATUM['D_SIRGAS_2000',SPHEROID['GRS_1980',6378137.0,298.257222101]],PRIMEM['Greenwich',0.0],UNIT['Degree',0.0174532925199433]] SIRGAS_2000_To_WGS_1984_1 GEOGCS['GCS_WGS_1984',DATUM['D_WGS_1984',SPHEROID['WGS_1984',6378137.0,298.257223563]],PRIMEM['Greenwich',0.0],UNIT['Degree',0.0174532925199433]] NO_PRESERVE_SHAPE # NO_VERTICAL</Process><Process Name="Calcular Campo" ToolSource="c:\program files (x86)\arcgis\desktop10.8\ArcToolbox\Toolboxes\Data Management Tools.tbx\CalculateField" Date="20231212" Time="085845">CalculateField SG22XBIII_lc_area TIPO strOutput VB "strInput = lcase([TIPO])\niPosition = 1\niSpace = ""\nstrOutput = ""\nDo While InStr(iPosition, strInput, " ", 1) &lt;&gt; 0\n        iSpace = InStr(iPosition, strInput, " ", 1)\n        strOutput = strOutput &amp; UCase(Mid(strInput, iPosition, 1))\n        strOutput = strOutput &amp; LCase(Mid(strInput, iPosition + 1, iSpace - iPosition))\n        iPosition = iSpace + 1\n    Loop\n    strOutput = strOutput &amp; UCase(Mid(strInput, iPosition, 1))\n    strOutput = strOutput &amp; LCase(Mid(strInput, iPosition + 1))\n    strOutput = replace(strOutput , " Do "," do ")\n    strOutput = replace(strOutput , " De "," de ")\n    strOutput = replace(strOutput , " Da "," da ")\n    strOutput = replace(strOutput , " Dos "," dos ")\n    strOutput = replace(strOutput , " Ou "," ou ")\n    strOutput = replace(strOutput , " Das "," das ")\n    strOutput = replace(strOutput , " O "," o ")\nstrOutput = replace(strOutput , " Não "," não ")\nstrOutput = replace(strOutput , " E "," e ")\n    strOutput = replace(strOutput , "Igarape","Igarapé")\n"</Process><Process Name="Calcular Campo" ToolSource="c:\program files (x86)\arcgis\desktop10.8\ArcToolbox\Toolboxes\Data Management Tools.tbx\CalculateField" Date="20231212" Time="085845">CalculateField SG22XBIII_lc_area tipo strOutput VB "strInput = lcase([TIPO])\niPosition = 1\niSpace = ""\nstrOutput = ""\nDo While InStr(iPosition, strInput, " ", 1) &lt;&gt; 0\n        iSpace = InStr(iPosition, strInput, " ", 1)\n        strOutput = strOutput &amp; UCase(Mid(strInput, iPosition, 1))\n        strOutput = strOutput &amp; LCase(Mid(strInput, iPosition + 1, iSpace - iPosition))\n        iPosition = iSpace + 1\n    Loop\n    strOutput = strOutput &amp; UCase(Mid(strInput, iPosition, 1))\n    strOutput = strOutput &amp; LCase(Mid(strInput, iPosition + 1))\n    strOutput = replace(strOutput , " Do "," do ")\n    strOutput = replace(strOutput , " De "," de ")\n    strOutput = replace(strOutput , " Da "," da ")\n    strOutput = replace(strOutput , " Dos "," dos ")\n    strOutput = replace(strOutput , " Ou "," ou ")\n    strOutput = replace(strOutput , " Das "," das ")\n    strOutput = replace(strOutput , " O "," o ")\nstrOutput = replace(strOutput , " Não "," não ")\nstrOutput = replace(strOutput , " E "," e ")\n    strOutput = replace(strOutput , "Igarape","Igarapé")\n"</Process><Process Name="Calcular Campo" ToolSource="c:\program files (x86)\arcgis\desktop10.8\ArcToolbox\Toolboxes\Data Management Tools.tbx\CalculateField" Date="20231212" Time="085845">CalculateField SG22XBIII_lc_area Tipo strOutput VB "strInput = lcase([TIPO])\niPosition = 1\niSpace = ""\nstrOutput = ""\nDo While InStr(iPosition, strInput, " ", 1) &lt;&gt; 0\n        iSpace = InStr(iPosition, strInput, " ", 1)\n        strOutput = strOutput &amp; UCase(Mid(strInput, iPosition, 1))\n        strOutput = strOutput &amp; LCase(Mid(strInput, iPosition + 1, iSpace - iPosition))\n        iPosition = iSpace + 1\n    Loop\n    strOutput = strOutput &amp; UCase(Mid(strInput, iPosition, 1))\n    strOutput = strOutput &amp; LCase(Mid(strInput, iPosition + 1))\n    strOutput = replace(strOutput , " Do "," do ")\n    strOutput = replace(strOutput , " De "," de ")\n    strOutput = replace(strOutput , " Da "," da ")\n    strOutput = replace(strOutput , " Dos "," dos ")\n    strOutput = replace(strOutput , " Ou "," ou ")\n    strOutput = replace(strOutput , " Das "," das ")\n    strOutput = replace(strOutput , " O "," o ")\nstrOutput = replace(strOutput , " Não "," não ")\nstrOutput = replace(strOutput , " E "," e ")\n    strOutput = replace(strOutput , "Igarape","Igarapé")\n"</Process><Process Name="Calcular Campo (2)" ToolSource="c:\program files (x86)\arcgis\desktop10.8\ArcToolbox\Toolboxes\Data Management Tools.tbx\CalculateField" Date="20231212" Time="085846">CalculateField SG22XBIII_lc_area NOME strOutput VB "strInput = lcase([NOME])\niPosition = 1\niSpace = ""\nstrOutput = ""\nDo While InStr(iPosition, strInput, " ", 1) &lt;&gt; 0\n        iSpace = InStr(iPosition, strInput, " ", 1)\n        strOutput = strOutput &amp; UCase(Mid(strInput, iPosition, 1))\n        strOutput = strOutput &amp; LCase(Mid(strInput, iPosition + 1, iSpace - iPosition))\n        iPosition = iSpace + 1\n    Loop\n    strOutput = strOutput &amp; UCase(Mid(strInput, iPosition, 1))\n    strOutput = strOutput &amp; LCase(Mid(strInput, iPosition + 1))\n    strOutput = replace(strOutput , " Do "," do ")\n    strOutput = replace(strOutput , " De "," de ")\n    strOutput = replace(strOutput , " Da "," da ")\n    strOutput = replace(strOutput , " Dos "," dos ")\n    strOutput = replace(strOutput , " Ou "," ou ")\n    strOutput = replace(strOutput , " Das "," das ")\n    strOutput = replace(strOutput , " O "," o ")\nstrOutput = replace(strOutput , " Não "," não ")\nstrOutput = replace(strOutput , " E "," e ")\n    strOutput = replace(strOutput , "Igarape","Igarapé")\n"</Process><Process Name="Calcular Campo (2)" ToolSource="c:\program files (x86)\arcgis\desktop10.8\ArcToolbox\Toolboxes\Data Management Tools.tbx\CalculateField" Date="20231212" Time="085846">CalculateField SG22XBIII_lc_area nome strOutput VB "strInput = lcase([NOME])\niPosition = 1\niSpace = ""\nstrOutput = ""\nDo While InStr(iPosition, strInput, " ", 1) &lt;&gt; 0\n        iSpace = InStr(iPosition, strInput, " ", 1)\n        strOutput = strOutput &amp; UCase(Mid(strInput, iPosition, 1))\n        strOutput = strOutput &amp; LCase(Mid(strInput, iPosition + 1, iSpace - iPosition))\n        iPosition = iSpace + 1\n    Loop\n    strOutput = strOutput &amp; UCase(Mid(strInput, iPosition, 1))\n    strOutput = strOutput &amp; LCase(Mid(strInput, iPosition + 1))\n    strOutput = replace(strOutput , " Do "," do ")\n    strOutput = replace(strOutput , " De "," de ")\n    strOutput = replace(strOutput , " Da "," da ")\n    strOutput = replace(strOutput , " Dos "," dos ")\n    strOutput = replace(strOutput , " Ou "," ou ")\n    strOutput = replace(strOutput , " Das "," das ")\n    strOutput = replace(strOutput , " O "," o ")\nstrOutput = replace(strOutput , " Não "," não ")\nstrOutput = replace(strOutput , " E "," e ")\n    strOutput = replace(strOutput , "Igarape","Igarapé")\n"</Process><Process Name="Calcular Campo (2)" ToolSource="c:\program files (x86)\arcgis\desktop10.8\ArcToolbox\Toolboxes\Data Management Tools.tbx\CalculateField" Date="20231212" Time="085846">CalculateField SG22XBIII_lc_area Nome strOutput VB "strInput = lcase([NOME])\niPosition = 1\niSpace = ""\nstrOutput = ""\nDo While InStr(iPosition, strInput, " ", 1) &lt;&gt; 0\n        iSpace = InStr(iPosition, strInput, " ", 1)\n        strOutput = strOutput &amp; UCase(Mid(strInput, iPosition, 1))\n        strOutput = strOutput &amp; LCase(Mid(strInput, iPosition + 1, iSpace - iPosition))\n        iPosition = iSpace + 1\n    Loop\n    strOutput = strOutput &amp; UCase(Mid(strInput, iPosition, 1))\n    strOutput = strOutput &amp; LCase(Mid(strInput, iPosition + 1))\n    strOutput = replace(strOutput , " Do "," do ")\n    strOutput = replace(strOutput , " De "," de ")\n    strOutput = replace(strOutput , " Da "," da ")\n    strOutput = replace(strOutput , " Dos "," dos ")\n    strOutput = replace(strOutput , " Ou "," ou ")\n    strOutput = replace(strOutput , " Das "," das ")\n    strOutput = replace(strOutput , " O "," o ")\nstrOutput = replace(strOutput , " Não "," não ")\nstrOutput = replace(strOutput , " E "," e ")\n    strOutput = replace(strOutput , "Igarape","Igarapé")\n"</Process><Process ToolSource="c:\program files (x86)\arcgis\desktop10.8\ArcToolbox\Toolboxes\Data Management Tools.tbx\Merge" Date="20231212" Time="085917">Merge SG22XBIII_lc_area D:\CASSIO\CPRM_TRABALHOS\02_Em_andamento\00_Capao_Bonito\00_Pasta_projetos\Planimetria\capao_bonito_area_urbana_a.shp "NOME "NOME" true true false 50 Text 0 0 ,First,#,SG22XBIII_lc_area,Nome,-1,-1;TIPO "TIPO" true true false 50 Text 0 0 ,First,#,SG22XBIII_lc_area,Tipo,-1,-1"</Process><Process Name="Add Field" ToolSource="c:\program files\arcgis\pro\Resources\ArcToolbox\toolboxes\Data Management Tools.tbx\AddField" Date="20231213" Time="103158">AddField capao_bonito_area_urbana_a AREA_HA "Double (64-bit floating point)" # # 5 # NULLABLE NON_REQUIRED #</Process><Process Name="Calculate Geometry Attributes" ToolSource="c:\program files\arcgis\pro\Resources\ArcToolbox\toolboxes\Data Management Tools.tbx\CalculateGeometryAttributes" Date="20231213" Time="103159">CalculateGeometryAttributes capao_bonito_area_urbana_a "AREA_HA AREA" # Hectares PROJCS["SIRGAS_2000_UTM_Zone_22S",GEOGCS["GCS_SIRGAS_2000",DATUM["D_SIRGAS_2000",SPHEROID["GRS_1980",6378137.0,298.257222101]],PRIMEM["Greenwich",0.0],UNIT["Degree",0.0174532925199433]],PROJECTION["Transverse_Mercator"],PARAMETER["False_Easting",500000.0],PARAMETER["False_Northing",10000000.0],PARAMETER["Central_Meridian",-51.0],PARAMETER["Scale_Factor",0.9996],PARAMETER["Latitude_Of_Origin",0.0],UNIT["Meter",1.0]] "Same as input"</Process></lineage><itemProps><itemName Sync="TRUE">capao_bonito_area_urbana_a</itemName><imsContentType Sync="TRUE">002</imsContentType><itemSize Sync="TRUE">0.000</itemSize><itemLocation><linkage Sync="TRUE">file://\\DESKTOP-P3BIJE7\D$\CASSIO\CPRM_TRABALHOS\02_Em_andamento\00_Capao_Bonito\00_Pasta_projetos\Planimetria\capao_bonito_area_urbana_a.shp</linkage><protocol Sync="TRUE">Local Area Network</protocol></itemLocation></itemProps><coordRef><type Sync="TRUE">Geographic</type><geogcsn Sync="TRUE">GCS_SIRGAS_2000</geogcsn><csUnits Sync="TRUE">Angular Unit: Degree (0.017453)</csUnits><peXml Sync="TRUE">&lt;GeographicCoordinateSystem xsi:type='typens:GeographicCoordinateSystem' xmlns:xsi='http://www.w3.org/2001/XMLSchema-instance' xmlns:xs='http://www.w3.org/2001/XMLSchema' xmlns:typens='http://www.esri.com/schemas/ArcGIS/10.7'&gt;&lt;WKT&gt;GEOGCS[&amp;quot;GCS_SIRGAS_2000&amp;quot;,DATUM[&amp;quot;D_SIRGAS_2000&amp;quot;,SPHEROID[&amp;quot;GRS_1980&amp;quot;,6378137.0,298.257222101]],PRIMEM[&amp;quot;Greenwich&amp;quot;,0.0],UNIT[&amp;quot;Degree&amp;quot;,0.0174532925199433],AUTHORITY[&amp;quot;EPSG&amp;quot;,4674]]&lt;/WKT&gt;&lt;XOrigin&gt;-400&lt;/XOrigin&gt;&lt;YOrigin&gt;-400&lt;/YOrigin&gt;&lt;XYScale&gt;11258999068426.238&lt;/XYScale&gt;&lt;ZOrigin&gt;-100000&lt;/ZOrigin&gt;&lt;ZScale&gt;10000&lt;/ZScale&gt;&lt;MOrigin&gt;-100000&lt;/MOrigin&gt;&lt;MScale&gt;10000&lt;/MScale&gt;&lt;XYTolerance&gt;8.9831528411952133e-09&lt;/XYTolerance&gt;&lt;ZTolerance&gt;0.001&lt;/ZTolerance&gt;&lt;MTolerance&gt;0.001&lt;/MTolerance&gt;&lt;HighPrecision&gt;true&lt;/HighPrecision&gt;&lt;LeftLongitude&gt;-180&lt;/LeftLongitude&gt;&lt;WKID&gt;4674&lt;/WKID&gt;&lt;LatestWKID&gt;4674&lt;/LatestWKID&gt;&lt;/GeographicCoordinateSystem&gt;</peXml></coordRef></DataProperties><SyncDate>20231212</SyncDate><SyncTime>08591700</SyncTime><ModDate>20231212</ModDate><ModTime>08591700</ModTime></Esri><dataIdInfo><envirDesc Sync="TRUE"> Version 6.2 (Build 9200) ; Esri ArcGIS 10.8.0.12790</envirDesc><dataLang><languageCode value="por" Sync="TRUE"></languageCode><countryCode value="BRA" Sync="TRUE"></countryCode></dataLang><idCitation><resTitle Sync="TRUE">capao_bonito_area_urbana_a</resTitle><presForm><PresFormCd value="005" Sync="TRUE"></PresFormCd></presForm></idCitation><spatRpType><SpatRepTypCd value="001" Sync="TRUE"></SpatRepTypCd></spatRpType></dataIdInfo><mdLang><languageCode value="por" Sync="TRUE"></languageCode><countryCode value="BRA" Sync="TRUE"></countryCode></mdLang><mdChar><CharSetCd value="004" Sync="TRUE"></CharSetCd></mdChar><distInfo><distFormat><formatName Sync="TRUE">Shapefile</formatName></distFormat><distTranOps><transSize Sync="TRUE">0.000</transSize></distTranOps></distInfo><mdHrLv><ScopeCd value="005" Sync="TRUE"></ScopeCd></mdHrLv><mdHrLvName Sync="TRUE">dataset</mdHrLvName><refSysInfo><RefSystem><refSysID><identCode code="4674" Sync="TRUE"></identCode><idCodeSpace Sync="TRUE">EPSG</idCodeSpace><idVersion Sync="TRUE">9.7(9.2.0)</idVersion></refSysID></RefSystem></refSysInfo><spatRepInfo><VectSpatRep><geometObjs Name="capao_bonito_area_urbana_a"><geoObjTyp><GeoObjTypCd value="002" Sync="TRUE"></GeoObjTypCd></geoObjTyp><geoObjCnt Sync="TRUE">0</geoObjCnt></geometObjs><topLvl><TopoLevCd value="001" Sync="TRUE"></TopoLevCd></topLvl></VectSpatRep></spatRepInfo><spdoinfo><ptvctinf><esriterm Name="capao_bonito_area_urbana_a"><efeatyp Sync="TRUE">Simple</efeatyp><efeageom code="4" Sync="TRUE"></efeageom><esritopo Sync="TRUE">FALSE</esritopo><efeacnt Sync="TRUE">0</efeacnt><spindex Sync="TRUE">FALSE</spindex><linrefer Sync="TRUE">FALSE</linrefer></esriterm></ptvctinf></spdoinfo><eainfo><detailed Name="capao_bonito_area_urbana_a"><enttyp><enttypl Sync="TRUE">capao_bonito_area_urbana_a</enttypl><enttypt Sync="TRUE">Feature Class</enttypt><enttypc Sync="TRUE">0</enttypc></enttyp><attr><attrlabl Sync="TRUE">FID</attrlabl><attalias Sync="TRUE">FID</attalias><attrtype Sync="TRUE">OID</attrtype><attwidth Sync="TRUE">4</attwidth><atprecis Sync="TRUE">0</atprecis><attscale Sync="TRUE">0</attscale><attrdef Sync="TRUE">Internal feature number.</attrdef><attrdefs Sync="TRUE">Esri</attrdefs><attrdomv><udom Sync="TRUE">Sequential unique whole numbers that are automatically generated.</udom></attrdomv></attr><attr><attrlabl Sync="TRUE">Shape</attrlabl><attalias Sync="TRUE">Shape</attalias><attrtype Sync="TRUE">Geometry</attrtype><attwidth Sync="TRUE">0</attwidth><atprecis Sync="TRUE">0</atprecis><attscale Sync="TRUE">0</attscale><attrdef Sync="TRUE">Feature geometry.</attrdef><attrdefs Sync="TRUE">Esri</attrdefs><attrdomv><udom Sync="TRUE">Coordinates defining the features.</udom></attrdomv></attr><attr><attrlabl Sync="TRUE">NOME</attrlabl><attalias Sync="TRUE">NOME</attalias><attrtype Sync="TRUE">String</attrtype><attwidth Sync="TRUE">50</attwidth><atprecis Sync="TRUE">0</atprecis><attscale Sync="TRUE">0</attscale></attr><attr><attrlabl Sync="TRUE">TIPO</attrlabl><attalias Sync="TRUE">TIPO</attalias><attrtype Sync="TRUE">String</attrtype><attwidth Sync="TRUE">50</attwidth><atprecis Sync="TRUE">0</atprecis><attscale Sync="TRUE">0</attscale></attr></detailed></eainfo><mdDateSt Sync="TRUE">20231212</mdDateSt></metadata>
