<?xml version="1.0" encoding="UTF-8"?>
<metadata xml:lang="pt"><Esri><CreaDate>20191014</CreaDate><CreaTime>13105100</CreaTime><SyncOnce>FALSE</SyncOnce><DataProperties><itemProps><itemLocation><linkage Sync="TRUE">file://\\Wsafs01\sa\gerinf\DIGEOP\Atividades_2019\Estagiarios_2019\Cassio\02.Mapas_Andamento\4. Cerro Azul\Ocorrência Mineral\Cerro_Azul_recmin_mapa1.shp</linkage><protocol Sync="TRUE">Local Area Network</protocol></itemLocation><itemName Sync="TRUE">Cerro_Azul_recmin_mapa1</itemName><imsContentType Sync="TRUE">002</imsContentType><itemSize Sync="TRUE">0.000</itemSize></itemProps><copyHistory><copy source="D:\Recursos Minerais SUREG SP\Folha Cerro Azul 100000 - Final\Recursos minerais\RecMin_MPMB_Cerro_Azul_Final" dest="\\MARIANEBRUMATTI\D$\Recursos Minerais SUREG SP\Layouts_Metalogenia_Dez-14_Revisao\Layout_Geologia_Folha Cerro Azul_Ver10_Revisao\commondata\data2\RecMin_MPMB_Cerro_Azul_Final" date="20150212" time="07444000"></copy></copyHistory><coordRef><type Sync="TRUE">Projected</type><geogcsn Sync="TRUE">GCS_WGS_1984</geogcsn><csUnits Sync="TRUE">Linear Unit: Meter (1.000000)</csUnits><projcsn Sync="TRUE">WGS_1984_UTM_Zone_22S</projcsn><peXml Sync="TRUE">&lt;ProjectedCoordinateSystem xsi:type='typens:ProjectedCoordinateSystem' xmlns:xsi='http://www.w3.org/2001/XMLSchema-instance' xmlns:xs='http://www.w3.org/2001/XMLSchema' xmlns:typens='http://www.esri.com/schemas/ArcGIS/10.6'&gt;&lt;WKT&gt;PROJCS[&amp;quot;WGS_1984_UTM_Zone_22S&amp;quot;,GEOGCS[&amp;quot;GCS_WGS_1984&amp;quot;,DATUM[&amp;quot;D_WGS_1984&amp;quot;,SPHEROID[&amp;quot;WGS_1984&amp;quot;,6378137.0,298.257223563]],PRIMEM[&amp;quot;Greenwich&amp;quot;,0.0],UNIT[&amp;quot;Degree&amp;quot;,0.0174532925199433]],PROJECTION[&amp;quot;Transverse_Mercator&amp;quot;],PARAMETER[&amp;quot;False_Easting&amp;quot;,500000.0],PARAMETER[&amp;quot;False_Northing&amp;quot;,10000000.0],PARAMETER[&amp;quot;Central_Meridian&amp;quot;,-51.0],PARAMETER[&amp;quot;Scale_Factor&amp;quot;,0.9996],PARAMETER[&amp;quot;Latitude_Of_Origin&amp;quot;,0.0],UNIT[&amp;quot;Meter&amp;quot;,1.0],AUTHORITY[&amp;quot;EPSG&amp;quot;,32722]]&lt;/WKT&gt;&lt;XOrigin&gt;-5120900&lt;/XOrigin&gt;&lt;YOrigin&gt;1900&lt;/YOrigin&gt;&lt;XYScale&gt;450445547.3910538&lt;/XYScale&gt;&lt;ZOrigin&gt;-100000&lt;/ZOrigin&gt;&lt;ZScale&gt;10000&lt;/ZScale&gt;&lt;MOrigin&gt;-100000&lt;/MOrigin&gt;&lt;MScale&gt;10000&lt;/MScale&gt;&lt;XYTolerance&gt;0.001&lt;/XYTolerance&gt;&lt;ZTolerance&gt;0.001&lt;/ZTolerance&gt;&lt;MTolerance&gt;0.001&lt;/MTolerance&gt;&lt;HighPrecision&gt;true&lt;/HighPrecision&gt;&lt;WKID&gt;32722&lt;/WKID&gt;&lt;LatestWKID&gt;32722&lt;/LatestWKID&gt;&lt;/ProjectedCoordinateSystem&gt;</peXml></coordRef><lineage><Process ToolSource="c:\program files (x86)\arcgis\desktop10.6\ArcToolbox\Toolboxes\Data Management Tools.tbx\Merge" Date="20191014" Time="131006">Merge Cerro_Azul_recmin_mapa "\\Wsafs01\sa\gerinf\DIGEOP\Atividades_2019\Estagiarios_2019\Cassio\02.Mapas_Andamento\4. Cerro Azul\Ocorrência Mineral\Cerro_Azul_recmin_mapa1.shp" "NUM_CAMPO "NUM_CAMPO" true true false 254 Text 0 0 ,First,#,Cerro_Azul_recmin_mapa,NUM_CAMPO,-1,-1;TOPONIMIA "TOPONIMIA" true true false 254 Text 0 0 ,First,#,Cerro_Azul_recmin_mapa,TOPONIMIA,-1,-1;CODIG_OBJ "CODIG_OBJ" true true false 19 Double 0 0 ,First,#,Cerro_Azul_recmin_mapa,CODIG_OBJ,-1,-1;LONGITUDE "LONGITUDE" true true false 19 Double 0 0 ,First,#,Cerro_Azul_recmin_mapa,LONGITUDE,-1,-1;LATITUDE "LATITUDE" true true false 19 Double 0 0 ,First,#,Cerro_Azul_recmin_mapa,LATITUDE,-1,-1;UTM_N "UTM_N" true true false 10 Long 0 10 ,First,#,Cerro_Azul_recmin_mapa,UTM_N,-1,-1;UTM_L "UTM_L" true true false 10 Long 0 10 ,First,#,Cerro_Azul_recmin_mapa,UTM_L,-1,-1;MC "MC" true true false 19 Double 0 0 ,First,#,Cerro_Azul_recmin_mapa,MC,-1,-1;SUBST_PRIN "SUBST_PRIN" true true false 254 Text 0 0 ,First,#,Cerro_Azul_recmin_mapa,SUBST_PRIN,-1,-1;SUBST_SEC "SUBST_SEC" true true false 254 Text 0 0 ,First,#,Cerro_Azul_recmin_mapa,SUBST_SEC,-1,-1;ABREV "ABREV" true true false 254 Text 0 0 ,First,#,Cerro_Azul_recmin_mapa,ABREV,-1,-1;GRAU_DE_ "GRAU_DE_" true true false 254 Text 0 0 ,First,#,Cerro_Azul_recmin_mapa,GRAU_DE_,-1,-1;STATUS_ECO "STATUS_ECO" true true false 254 Text 0 0 ,First,#,Cerro_Azul_recmin_mapa,STATUS_ECO,-1,-1;SITUACAO "SITUACAO" true true false 254 Text 0 0 ,First,#,Cerro_Azul_recmin_mapa,SITUACAO,-1,-1;METODO_GEO "METODO_GEO" true true false 254 Text 0 0 ,First,#,Cerro_Azul_recmin_mapa,METODO_GEO,-1,-1;ERRO_METOD "ERRO_METOD" true true false 254 Text 0 0 ,First,#,Cerro_Azul_recmin_mapa,ERRO_METOD,-1,-1;DATA_CAD "DATA_CAD" true true false 254 Text 0 0 ,First,#,Cerro_Azul_recmin_mapa,DATA_CAD,-1,-1;CLASSE_UTI "CLASSE_UTI" true true false 254 Text 0 0 ,First,#,Cerro_Azul_recmin_mapa,CLASSE_UTI,-1,-1;TIPOLOGIA "TIPOLOGIA" true true false 254 Text 0 0 ,First,#,Cerro_Azul_recmin_mapa,TIPOLOGIA,-1,-1;CLASSE_GEN "CLASSE_GEN" true true false 254 Text 0 0 ,First,#,Cerro_Azul_recmin_mapa,CLASSE_GEN,-1,-1;PROCESSO_M "PROCESSO_M" true true false 254 Text 0 0 ,First,#,Cerro_Azul_recmin_mapa,PROCESSO_M,-1,-1;CLASSIFICA "CLASSIFICA" true true false 254 Text 0 0 ,First,#,Cerro_Azul_recmin_mapa,CLASSIFICA,-1,-1;MODELO_DEP "MODELO_DEP" true true false 254 Text 0 0 ,First,#,Cerro_Azul_recmin_mapa,MODELO_DEP,-1,-1;ROCHA_ENC "ROCHA_ENC" true true false 254 Text 0 0 ,First,#,Cerro_Azul_recmin_mapa,ROCHA_ENC,-1,-1;ROCHA_HOSP "ROCHA_HOSP" true true false 254 Text 0 0 ,First,#,Cerro_Azul_recmin_mapa,ROCHA_HOSP,-1,-1;TEXTURA_MI "TEXTURA_MI" true true false 254 Text 0 0 ,First,#,Cerro_Azul_recmin_mapa,TEXTURA_MI,-1,-1;ESTMIN_X_ "ESTMIN_X_" true true false 254 Text 0 0 ,First,#,Cerro_Azul_recmin_mapa,ESTMIN_X_,-1,-1;ASSOC_MINE "ASSOC_MINE" true true false 254 Text 0 0 ,First,#,Cerro_Azul_recmin_mapa,ASSOC_MINE,-1,-1;ORIGEM "ORIGEM" true true false 254 Text 0 0 ,First,#,Cerro_Azul_recmin_mapa,ORIGEM,-1,-1;MUNICIPIO "MUNICIPIO" true true false 254 Text 0 0 ,First,#,Cerro_Azul_recmin_mapa,MUNICIPIO,-1,-1;UF "UF" true true false 254 Text 0 0 ,First,#,Cerro_Azul_recmin_mapa,UF,-1,-1;LEGENDA_ST "LEGENDA_ST" true true false 254 Text 0 0 ,First,#,Cerro_Azul_recmin_mapa,LEGENDA_ST,-1,-1;LEGENDA_MO "LEGENDA_MO" true true false 254 Text 0 0 ,First,#,Cerro_Azul_recmin_mapa,LEGENDA_MO,-1,-1;LEGENDA_GE "LEGENDA_GE" true true false 254 Text 0 0 ,First,#,Cerro_Azul_recmin_mapa,LEGENDA_GE,-1,-1;CLASSE_CER "CLASSE_CER" true true false 254 Text 0 0 ,First,#,Cerro_Azul_recmin_mapa,CLASSE_CER,-1,-1;LEGENDA_CE "LEGENDA_CE" true true false 254 Text 0 0 ,First,#,Cerro_Azul_recmin_mapa,LEGENDA_CE,-1,-1"</Process><Process ToolSource="c:\program files (x86)\arcgis\desktop10.6\ArcToolbox\Toolboxes\Data Management Tools.tbx\Project" Date="20191014" Time="131053">Project Cerro_Azul_recmin_mapa1 "\\Wsafs01\sa\gerinf\DIGEOP\Atividades_2019\Estagiarios_2019\Cassio\02.Mapas_Andamento\4. Cerro Azul\Ocorrência Mineral\Cerro_Azul_recmin_mapa12.shp" GEOGCS['GCS_SIRGAS_2000',DATUM['D_SIRGAS_2000',SPHEROID['GRS_1980',6378137.0,298.257222101]],PRIMEM['Greenwich',0.0],UNIT['Degree',0.0174532925199433]] SIRGAS_2000_To_WGS_1984_1 PROJCS['WGS_1984_UTM_Zone_22S',GEOGCS['GCS_WGS_1984',DATUM['D_WGS_1984',SPHEROID['WGS_1984',6378137.0,298.257223563]],PRIMEM['Greenwich',0.0],UNIT['Degree',0.0174532925199433]],PROJECTION['Transverse_Mercator'],PARAMETER['False_Easting',500000.0],PARAMETER['False_Northing',10000000.0],PARAMETER['Central_Meridian',-51.0],PARAMETER['Scale_Factor',0.9996],PARAMETER['Latitude_Of_Origin',0.0],UNIT['Meter',1.0]] NO_PRESERVE_SHAPE # NO_VERTICAL</Process><Process ToolSource="c:\program files (x86)\arcgis\desktop10.6\ArcToolbox\Toolboxes\Data Management Tools.tbx\CalculateField" Date="20191021" Time="140008">CalculateField Cerro_Azul_recmin_mapa MUNICIPIO strOutput VB "strInput = lcase([MUNICIPIO])\niPosition = 1\niSpace = ""\nstrOutput = ""\nDo While InStr(iPosition, strInput, " ", 1) &lt;&gt; 0\n        iSpace = InStr(iPosition, strInput, " ", 1)\n        strOutput = strOutput &amp; UCase(Mid(strInput, iPosition, 1))\n        strOutput = strOutput &amp; LCase(Mid(strInput, iPosition + 1, iSpace - iPosition))\n        iPosition = iSpace + 1\n    Loop\n    strOutput = strOutput &amp; UCase(Mid(strInput, iPosition, 1))\n    strOutput = strOutput &amp; LCase(Mid(strInput, iPosition + 1))\n    strOutput = replace(strOutput , " Do "," do ")\n    strOutput = replace(strOutput , " De "," de ")\n    strOutput = replace(strOutput , " Da "," da ")\n    strOutput = replace(strOutput , " Dos "," dos ")\n    strOutput = replace(strOutput , " Ou "," ou ")\n    strOutput = replace(strOutput , " Das "," das ")\n    strOutput = replace(strOutput , " O "," o ")\nstrOutput = replace(strOutput , " E "," e ")\n    strOutput = replace(strOutput , "Igarape","Igarapé")\n\n\n"</Process></lineage></DataProperties><ArcGISFormat>1.0</ArcGISFormat><SyncDate>20191014</SyncDate><SyncTime>13100400</SyncTime><ModDate>20191014</ModDate><ModTime>13100400</ModTime></Esri><dataIdInfo><envirDesc Sync="TRUE">Microsoft Windows 7 Version 6.1 (Build 7601) Service Pack 1; Esri ArcGIS 10.6.0.8321</envirDesc><dataLang><languageCode value="por" Sync="TRUE"></languageCode><countryCode value="BRA" Sync="TRUE"></countryCode></dataLang><idCitation><resTitle Sync="TRUE">Cerro_Azul_recmin_mapa1</resTitle><presForm><PresFormCd value="005" Sync="TRUE"></PresFormCd></presForm></idCitation><spatRpType><SpatRepTypCd value="001" Sync="TRUE"></SpatRepTypCd></spatRpType></dataIdInfo><mdLang><languageCode value="por" Sync="TRUE"></languageCode><countryCode value="BRA" Sync="TRUE"></countryCode></mdLang><mdChar><CharSetCd value="004" Sync="TRUE"></CharSetCd></mdChar><distInfo><distFormat><formatName Sync="TRUE">Shapefile</formatName></distFormat><distTranOps><transSize Sync="TRUE">0.000</transSize></distTranOps></distInfo><mdHrLv><ScopeCd value="005" Sync="TRUE"></ScopeCd></mdHrLv><mdHrLvName Sync="TRUE">dataset</mdHrLvName><refSysInfo><RefSystem><refSysID><identCode code="32722" Sync="TRUE"></identCode><idCodeSpace Sync="TRUE">EPSG</idCodeSpace><idVersion Sync="TRUE">2.1(3.0.1)</idVersion></refSysID></RefSystem></refSysInfo><spatRepInfo><VectSpatRep><geometObjs Name="Cerro_Azul_recmin_mapa1"><geoObjTyp><GeoObjTypCd value="004" Sync="TRUE"></GeoObjTypCd></geoObjTyp><geoObjCnt Sync="TRUE">0</geoObjCnt></geometObjs><topLvl><TopoLevCd value="001" Sync="TRUE"></TopoLevCd></topLvl></VectSpatRep></spatRepInfo><spdoinfo><ptvctinf><esriterm Name="Cerro_Azul_recmin_mapa1"><efeatyp Sync="TRUE">Simple</efeatyp><efeageom code="1" Sync="TRUE"></efeageom><esritopo Sync="TRUE">FALSE</esritopo><efeacnt Sync="TRUE">0</efeacnt><spindex Sync="TRUE">FALSE</spindex><linrefer Sync="TRUE">FALSE</linrefer></esriterm></ptvctinf></spdoinfo><eainfo><detailed Name="Cerro_Azul_recmin_mapa1"><enttyp><enttypl Sync="TRUE">Cerro_Azul_recmin_mapa1</enttypl><enttypt Sync="TRUE">Feature Class</enttypt><enttypc Sync="TRUE">0</enttypc></enttyp><attr><attrlabl Sync="TRUE">FID</attrlabl><attalias Sync="TRUE">FID</attalias><attrtype Sync="TRUE">OID</attrtype><attwidth Sync="TRUE">4</attwidth><atprecis Sync="TRUE">0</atprecis><attscale Sync="TRUE">0</attscale><attrdef Sync="TRUE">Internal feature number.</attrdef><attrdefs Sync="TRUE">Esri</attrdefs><attrdomv><udom Sync="TRUE">Sequential unique whole numbers that are automatically generated.</udom></attrdomv></attr><attr><attrlabl Sync="TRUE">Shape</attrlabl><attalias Sync="TRUE">Shape</attalias><attrtype Sync="TRUE">Geometry</attrtype><attwidth Sync="TRUE">0</attwidth><atprecis Sync="TRUE">0</atprecis><attscale Sync="TRUE">0</attscale><attrdef Sync="TRUE">Feature geometry.</attrdef><attrdefs Sync="TRUE">Esri</attrdefs><attrdomv><udom Sync="TRUE">Coordinates defining the features.</udom></attrdomv></attr><attr><attrlabl Sync="TRUE">NUM_CAMPO</attrlabl><attalias Sync="TRUE">NUM_CAMPO</attalias><attrtype Sync="TRUE">String</attrtype><attwidth Sync="TRUE">254</attwidth><atprecis Sync="TRUE">0</atprecis><attscale Sync="TRUE">0</attscale></attr><attr><attrlabl Sync="TRUE">TOPONIMIA</attrlabl><attalias Sync="TRUE">TOPONIMIA</attalias><attrtype Sync="TRUE">String</attrtype><attwidth Sync="TRUE">254</attwidth><atprecis Sync="TRUE">0</atprecis><attscale Sync="TRUE">0</attscale></attr><attr><attrlabl Sync="TRUE">CODIG_OBJ</attrlabl><attalias Sync="TRUE">CODIG_OBJ</attalias><attrtype Sync="TRUE">Double</attrtype><attwidth Sync="TRUE">19</attwidth><atprecis Sync="TRUE">0</atprecis><attscale Sync="TRUE">0</attscale></attr><attr><attrlabl Sync="TRUE">LONGITUDE</attrlabl><attalias Sync="TRUE">LONGITUDE</attalias><attrtype Sync="TRUE">Double</attrtype><attwidth Sync="TRUE">19</attwidth><atprecis Sync="TRUE">0</atprecis><attscale Sync="TRUE">0</attscale></attr><attr><attrlabl Sync="TRUE">LATITUDE</attrlabl><attalias Sync="TRUE">LATITUDE</attalias><attrtype Sync="TRUE">Double</attrtype><attwidth Sync="TRUE">19</attwidth><atprecis Sync="TRUE">0</atprecis><attscale Sync="TRUE">0</attscale></attr><attr><attrlabl Sync="TRUE">UTM_N</attrlabl><attalias Sync="TRUE">UTM_N</attalias><attrtype Sync="TRUE">Integer</attrtype><attwidth Sync="TRUE">10</attwidth><atprecis Sync="TRUE">10</atprecis><attscale Sync="TRUE">0</attscale></attr><attr><attrlabl Sync="TRUE">UTM_L</attrlabl><attalias Sync="TRUE">UTM_L</attalias><attrtype Sync="TRUE">Integer</attrtype><attwidth Sync="TRUE">10</attwidth><atprecis Sync="TRUE">10</atprecis><attscale Sync="TRUE">0</attscale></attr><attr><attrlabl Sync="TRUE">MC</attrlabl><attalias Sync="TRUE">MC</attalias><attrtype Sync="TRUE">Double</attrtype><attwidth Sync="TRUE">19</attwidth><atprecis Sync="TRUE">0</atprecis><attscale Sync="TRUE">0</attscale></attr><attr><attrlabl Sync="TRUE">SUBST_PRIN</attrlabl><attalias Sync="TRUE">SUBST_PRIN</attalias><attrtype Sync="TRUE">String</attrtype><attwidth Sync="TRUE">254</attwidth><atprecis Sync="TRUE">0</atprecis><attscale Sync="TRUE">0</attscale></attr><attr><attrlabl Sync="TRUE">SUBST_SEC</attrlabl><attalias Sync="TRUE">SUBST_SEC</attalias><attrtype Sync="TRUE">String</attrtype><attwidth Sync="TRUE">254</attwidth><atprecis Sync="TRUE">0</atprecis><attscale Sync="TRUE">0</attscale></attr><attr><attrlabl Sync="TRUE">ABREV</attrlabl><attalias Sync="TRUE">ABREV</attalias><attrtype Sync="TRUE">String</attrtype><attwidth Sync="TRUE">254</attwidth><atprecis Sync="TRUE">0</atprecis><attscale Sync="TRUE">0</attscale></attr><attr><attrlabl Sync="TRUE">GRAU_DE_</attrlabl><attalias Sync="TRUE">GRAU_DE_</attalias><attrtype Sync="TRUE">String</attrtype><attwidth Sync="TRUE">254</attwidth><atprecis Sync="TRUE">0</atprecis><attscale Sync="TRUE">0</attscale></attr><attr><attrlabl Sync="TRUE">STATUS_ECO</attrlabl><attalias Sync="TRUE">STATUS_ECO</attalias><attrtype Sync="TRUE">String</attrtype><attwidth Sync="TRUE">254</attwidth><atprecis Sync="TRUE">0</atprecis><attscale Sync="TRUE">0</attscale></attr><attr><attrlabl Sync="TRUE">SITUACAO</attrlabl><attalias Sync="TRUE">SITUACAO</attalias><attrtype Sync="TRUE">String</attrtype><attwidth Sync="TRUE">254</attwidth><atprecis Sync="TRUE">0</atprecis><attscale Sync="TRUE">0</attscale></attr><attr><attrlabl Sync="TRUE">METODO_GEO</attrlabl><attalias Sync="TRUE">METODO_GEO</attalias><attrtype Sync="TRUE">String</attrtype><attwidth Sync="TRUE">254</attwidth><atprecis Sync="TRUE">0</atprecis><attscale Sync="TRUE">0</attscale></attr><attr><attrlabl Sync="TRUE">ERRO_METOD</attrlabl><attalias Sync="TRUE">ERRO_METOD</attalias><attrtype Sync="TRUE">String</attrtype><attwidth Sync="TRUE">254</attwidth><atprecis Sync="TRUE">0</atprecis><attscale Sync="TRUE">0</attscale></attr><attr><attrlabl Sync="TRUE">DATA_CAD</attrlabl><attalias Sync="TRUE">DATA_CAD</attalias><attrtype Sync="TRUE">String</attrtype><attwidth Sync="TRUE">254</attwidth><atprecis Sync="TRUE">0</atprecis><attscale Sync="TRUE">0</attscale></attr><attr><attrlabl Sync="TRUE">CLASSE_UTI</attrlabl><attalias Sync="TRUE">CLASSE_UTI</attalias><attrtype Sync="TRUE">String</attrtype><attwidth Sync="TRUE">254</attwidth><atprecis Sync="TRUE">0</atprecis><attscale Sync="TRUE">0</attscale></attr><attr><attrlabl Sync="TRUE">TIPOLOGIA</attrlabl><attalias Sync="TRUE">TIPOLOGIA</attalias><attrtype Sync="TRUE">String</attrtype><attwidth Sync="TRUE">254</attwidth><atprecis Sync="TRUE">0</atprecis><attscale Sync="TRUE">0</attscale></attr><attr><attrlabl Sync="TRUE">CLASSE_GEN</attrlabl><attalias Sync="TRUE">CLASSE_GEN</attalias><attrtype Sync="TRUE">String</attrtype><attwidth Sync="TRUE">254</attwidth><atprecis Sync="TRUE">0</atprecis><attscale Sync="TRUE">0</attscale></attr><attr><attrlabl Sync="TRUE">PROCESSO_M</attrlabl><attalias Sync="TRUE">PROCESSO_M</attalias><attrtype Sync="TRUE">String</attrtype><attwidth Sync="TRUE">254</attwidth><atprecis Sync="TRUE">0</atprecis><attscale Sync="TRUE">0</attscale></attr><attr><attrlabl Sync="TRUE">CLASSIFICA</attrlabl><attalias Sync="TRUE">CLASSIFICA</attalias><attrtype Sync="TRUE">String</attrtype><attwidth Sync="TRUE">254</attwidth><atprecis Sync="TRUE">0</atprecis><attscale Sync="TRUE">0</attscale></attr><attr><attrlabl Sync="TRUE">MODELO_DEP</attrlabl><attalias Sync="TRUE">MODELO_DEP</attalias><attrtype Sync="TRUE">String</attrtype><attwidth Sync="TRUE">254</attwidth><atprecis Sync="TRUE">0</atprecis><attscale Sync="TRUE">0</attscale></attr><attr><attrlabl Sync="TRUE">ROCHA_ENC</attrlabl><attalias Sync="TRUE">ROCHA_ENC</attalias><attrtype Sync="TRUE">String</attrtype><attwidth Sync="TRUE">254</attwidth><atprecis Sync="TRUE">0</atprecis><attscale Sync="TRUE">0</attscale></attr><attr><attrlabl Sync="TRUE">ROCHA_HOSP</attrlabl><attalias Sync="TRUE">ROCHA_HOSP</attalias><attrtype Sync="TRUE">String</attrtype><attwidth Sync="TRUE">254</attwidth><atprecis Sync="TRUE">0</atprecis><attscale Sync="TRUE">0</attscale></attr><attr><attrlabl Sync="TRUE">TEXTURA_MI</attrlabl><attalias Sync="TRUE">TEXTURA_MI</attalias><attrtype Sync="TRUE">String</attrtype><attwidth Sync="TRUE">254</attwidth><atprecis Sync="TRUE">0</atprecis><attscale Sync="TRUE">0</attscale></attr><attr><attrlabl Sync="TRUE">ESTMIN_X_</attrlabl><attalias Sync="TRUE">ESTMIN_X_</attalias><attrtype Sync="TRUE">String</attrtype><attwidth Sync="TRUE">254</attwidth><atprecis Sync="TRUE">0</atprecis><attscale Sync="TRUE">0</attscale></attr><attr><attrlabl Sync="TRUE">ASSOC_MINE</attrlabl><attalias Sync="TRUE">ASSOC_MINE</attalias><attrtype Sync="TRUE">String</attrtype><attwidth Sync="TRUE">254</attwidth><atprecis Sync="TRUE">0</atprecis><attscale Sync="TRUE">0</attscale></attr><attr><attrlabl Sync="TRUE">ORIGEM</attrlabl><attalias Sync="TRUE">ORIGEM</attalias><attrtype Sync="TRUE">String</attrtype><attwidth Sync="TRUE">254</attwidth><atprecis Sync="TRUE">0</atprecis><attscale Sync="TRUE">0</attscale></attr><attr><attrlabl Sync="TRUE">MUNICIPIO</attrlabl><attalias Sync="TRUE">MUNICIPIO</attalias><attrtype Sync="TRUE">String</attrtype><attwidth Sync="TRUE">254</attwidth><atprecis Sync="TRUE">0</atprecis><attscale Sync="TRUE">0</attscale></attr><attr><attrlabl Sync="TRUE">UF</attrlabl><attalias Sync="TRUE">UF</attalias><attrtype Sync="TRUE">String</attrtype><attwidth Sync="TRUE">254</attwidth><atprecis Sync="TRUE">0</atprecis><attscale Sync="TRUE">0</attscale></attr><attr><attrlabl Sync="TRUE">LEGENDA_ST</attrlabl><attalias Sync="TRUE">LEGENDA_ST</attalias><attrtype Sync="TRUE">String</attrtype><attwidth Sync="TRUE">254</attwidth><atprecis Sync="TRUE">0</atprecis><attscale Sync="TRUE">0</attscale></attr><attr><attrlabl Sync="TRUE">LEGENDA_MO</attrlabl><attalias Sync="TRUE">LEGENDA_MO</attalias><attrtype Sync="TRUE">String</attrtype><attwidth Sync="TRUE">254</attwidth><atprecis Sync="TRUE">0</atprecis><attscale Sync="TRUE">0</attscale></attr><attr><attrlabl Sync="TRUE">LEGENDA_GE</attrlabl><attalias Sync="TRUE">LEGENDA_GE</attalias><attrtype Sync="TRUE">String</attrtype><attwidth Sync="TRUE">254</attwidth><atprecis Sync="TRUE">0</atprecis><attscale Sync="TRUE">0</attscale></attr><attr><attrlabl Sync="TRUE">CLASSE_CER</attrlabl><attalias Sync="TRUE">CLASSE_CER</attalias><attrtype Sync="TRUE">String</attrtype><attwidth Sync="TRUE">254</attwidth><atprecis Sync="TRUE">0</atprecis><attscale Sync="TRUE">0</attscale></attr><attr><attrlabl Sync="TRUE">LEGENDA_CE</attrlabl><attalias Sync="TRUE">LEGENDA_CE</attalias><attrtype Sync="TRUE">String</attrtype><attwidth Sync="TRUE">254</attwidth><atprecis Sync="TRUE">0</atprecis><attscale Sync="TRUE">0</attscale></attr></detailed></eainfo><mdDateSt Sync="TRUE">20191014</mdDateSt></metadata>
