<?xml version="1.0"?>
<!--<!DOCTYPE metadata SYSTEM "http://www.esri.com/metadata/esriprof80.dtd">-->
<metadata xml:lang="pt"><Esri><CreaDate>20090724</CreaDate><CreaTime>14315900</CreaTime><SyncOnce>TRUE</SyncOnce><MetaID>{93DDFFDC-5C02-4D8A-8706-DAEADBF2801C}</MetaID></Esri><idinfo><citation><citeinfo><onlink Sync="TRUE">\\PAULO_DIGEOP\D$\DIGEOP\Apiai\PRODUÇÃO\DOWNLOAD\Planimetria\apiai_limite</onlink></citeinfo></citation></idinfo><distInfo><distributor><distorTran><onLineSrc><linkage Sync="TRUE">file://\\PAULO_DIGEOP\D$\DIGEOP\Apiai\PRODUÇÃO\DOWNLOAD\Planimetria\apiai_limite</linkage><protocol Sync="TRUE">Local Area Network</protocol></onLineSrc></distorTran></distributor></distInfo><dataqual><lineage><procstep><procdesc Sync="TRUE">Dataset moved.</procdesc><srcused Sync="TRUE">C:\2-Atividades CPRM\Projetos\Apiaí\WGS\limite_apiai_wgs84</srcused><date Sync="TRUE">20050517</date><time Sync="TRUE">10573500</time></procstep><procstep><procdesc Sync="TRUE">Dataset copied.</procdesc><srcused Sync="TRUE"></srcused><date Sync="TRUE">20061205</date><time Sync="TRUE">12043900</time></procstep><procstep><procdesc Sync="TRUE">Dataset copied.</procdesc><srcused Sync="TRUE"></srcused><date Sync="TRUE">20090604</date><time Sync="TRUE">16210400</time></procstep><procstep><procdesc Sync="TRUE">Dataset copied.</procdesc><srcused Sync="TRUE"></srcused><procdate Sync="TRUE">20090724</procdate><proctime Sync="TRUE">14315900</proctime></procstep><procstep><procdesc Sync="TRUE">Dataset moved.</procdesc><srcused Sync="TRUE">D:\DIGEOP\Apiai\PRODUÇÃO\DOWNLOAD\apiai_limite</srcused><procdate Sync="TRUE">20090724</procdate><proctime Sync="TRUE">14382200</proctime></procstep></lineage></dataqual></metadata>
