<?xml version="1.0" encoding="UTF-8"?>
<metadata xml:lang="pt"><Esri><CreaDate>20200722</CreaDate><CreaTime>09565600</CreaTime><ArcGISFormat>1.0</ArcGISFormat><SyncOnce>FALSE</SyncOnce><DataProperties><itemProps><itemName Sync="TRUE">apiai_ine_FeatureToPolygon</itemName><imsContentType Sync="TRUE">002</imsContentType><itemLocation><linkage Sync="TRUE">file://\\CM\C$\Users\T-Gamer\Documents\ArcGIS\Default.gdb</linkage><protocol Sync="TRUE">Local Area Network</protocol></itemLocation></itemProps><coordRef><type Sync="TRUE">Geographic</type><geogcsn Sync="TRUE">GCS_WGS_1984</geogcsn><csUnits Sync="TRUE">Angular Unit: Degree (0.017453)</csUnits><peXml Sync="TRUE">&lt;GeographicCoordinateSystem xsi:type='typens:GeographicCoordinateSystem' xmlns:xsi='http://www.w3.org/2001/XMLSchema-instance' xmlns:xs='http://www.w3.org/2001/XMLSchema' xmlns:typens='http://www.esri.com/schemas/ArcGIS/10.5'&gt;&lt;WKT&gt;GEOGCS[&amp;quot;GCS_WGS_1984&amp;quot;,DATUM[&amp;quot;D_WGS_1984&amp;quot;,SPHEROID[&amp;quot;WGS_1984&amp;quot;,6378137.0,298.257223563]],PRIMEM[&amp;quot;Greenwich&amp;quot;,0.0],UNIT[&amp;quot;Degree&amp;quot;,0.0174532925199433],AUTHORITY[&amp;quot;EPSG&amp;quot;,4326]]&lt;/WKT&gt;&lt;XOrigin&gt;-400&lt;/XOrigin&gt;&lt;YOrigin&gt;-400&lt;/YOrigin&gt;&lt;XYScale&gt;1111948722.2222221&lt;/XYScale&gt;&lt;ZOrigin&gt;-100000&lt;/ZOrigin&gt;&lt;ZScale&gt;10000&lt;/ZScale&gt;&lt;MOrigin&gt;-100000&lt;/MOrigin&gt;&lt;MScale&gt;10000&lt;/MScale&gt;&lt;XYTolerance&gt;8.983152841195215e-009&lt;/XYTolerance&gt;&lt;ZTolerance&gt;0.001&lt;/ZTolerance&gt;&lt;MTolerance&gt;0.001&lt;/MTolerance&gt;&lt;HighPrecision&gt;true&lt;/HighPrecision&gt;&lt;LeftLongitude&gt;-180&lt;/LeftLongitude&gt;&lt;WKID&gt;4326&lt;/WKID&gt;&lt;LatestWKID&gt;4326&lt;/LatestWKID&gt;&lt;/GeographicCoordinateSystem&gt;</peXml></coordRef><lineage><Process ToolSource="c:\program files (x86)\arcgis\desktop10.6\ArcToolbox\Toolboxes\Data Management Tools.tbx\Merge" Date="20200430" Time="143744">Merge apiai_lito C:\Users\elias.bernard\Documents\ArcGIS\Default.gdb\apiai_lito_Merge "COD_UNI_ES "COD_UNI_ES" true true false 9 Long 0 9 ,First,#,apiai_lito,COD_UNI_ES,-1,-1;SIGLA_UNID "SIGLA_UNID" true true false 254 Text 0 0 ,First,#,apiai_lito,SIGLA_UNID,-1,-1;SIGLAS_ANT "SIGLAS_ANT" true true false 254 Text 0 0 ,First,#,apiai_lito,SIGLAS_ANT,-1,-1;HIERARQUIA "HIERARQUIA" true true false 254 Text 0 0 ,First,#,apiai_lito,HIERARQUIA,-1,-1;NOME_UNIDA "NOME_UNIDA" true true false 254 Text 0 0 ,First,#,apiai_lito,NOME_UNIDA,-1,-1;HIERARQU_1 "HIERARQU_1" true true false 254 Text 0 0 ,First,#,apiai_lito,HIERARQU_1,-1,-1;ESCALAS "ESCALAS" true true false 254 Text 0 0 ,First,#,apiai_lito,ESCALAS,-1,-1;EON_IDADE_ "EON_IDADE_" true true false 254 Text 0 0 ,First,#,apiai_lito,EON_IDADE_,-1,-1;EON_IDADE1 "EON_IDADE1" true true false 254 Text 0 0 ,First,#,apiai_lito,EON_IDADE1,-1,-1;ERA_MINIMA "ERA_MINIMA" true true false 254 Text 0 0 ,First,#,apiai_lito,ERA_MINIMA,-1,-1;ERA_MAXIMA "ERA_MAXIMA" true true false 254 Text 0 0 ,First,#,apiai_lito,ERA_MAXIMA,-1,-1;PERIODO_MI "PERIODO_MI" true true false 254 Text 0 0 ,First,#,apiai_lito,PERIODO_MI,-1,-1;PERIODO_MA "PERIODO_MA" true true false 254 Text 0 0 ,First,#,apiai_lito,PERIODO_MA,-1,-1;EPOCA_MIN "EPOCA_MIN" true true false 254 Text 0 0 ,First,#,apiai_lito,EPOCA_MIN,-1,-1;EPOCA_MAX "EPOCA_MAX" true true false 254 Text 0 0 ,First,#,apiai_lito,EPOCA_MAX,-1,-1;TIPO_DEPOS "TIPO_DEPOS" true true false 254 Text 0 0 ,First,#,apiai_lito,TIPO_DEPOS,-1,-1;ASSOC_MAGM "ASSOC_MAGM" true true false 254 Text 0 0 ,First,#,apiai_lito,ASSOC_MAGM,-1,-1;NIVEL_CRUS "NIVEL_CRUS" true true false 254 Text 0 0 ,First,#,apiai_lito,NIVEL_CRUS,-1,-1;TEXTURA_IG "TEXTURA_IG" true true false 254 Text 0 0 ,First,#,apiai_lito,TEXTURA_IG,-1,-1;FONTE_MAGM "FONTE_MAGM" true true false 254 Text 0 0 ,First,#,apiai_lito,FONTE_MAGM,-1,-1;MORFOLOGIA "MORFOLOGIA" true true false 254 Text 0 0 ,First,#,apiai_lito,MORFOLOGIA,-1,-1;AMBIENTE_T "AMBIENTE_T" true true false 254 Text 0 0 ,First,#,apiai_lito,AMBIENTE_T,-1,-1;METAMORFIS "METAMORFIS" true true false 254 Text 0 0 ,First,#,apiai_lito,METAMORFIS,-1,-1;METODO_GEO "METODO_GEO" true true false 254 Text 0 0 ,First,#,apiai_lito,METODO_GEO,-1,-1;TEMP_PICO "TEMP_PICO" true true false 254 Text 0 0 ,First,#,apiai_lito,TEMP_PICO,-1,-1;ERRO_TEMP_ "ERRO_TEMP_" true true false 254 Text 0 0 ,First,#,apiai_lito,ERRO_TEMP_,-1,-1;ERRO_TEMP1 "ERRO_TEMP1" true true false 19 Double 0 0 ,First,#,apiai_lito,ERRO_TEMP1,-1,-1;ERRO_TEM_1 "ERRO_TEM_1" true true false 19 Double 0 0 ,First,#,apiai_lito,ERRO_TEM_1,-1,-1;ERRO_TEM_2 "ERRO_TEM_2" true true false 254 Text 0 0 ,First,#,apiai_lito,ERRO_TEM_2,-1,-1;ERRO_PRESS "ERRO_PRESS" true true false 254 Text 0 0 ,First,#,apiai_lito,ERRO_PRESS,-1,-1;ERRO_PRE_1 "ERRO_PRE_1" true true false 19 Double 0 0 ,First,#,apiai_lito,ERRO_PRE_1,-1,-1;ERRO_PRE_2 "ERRO_PRE_2" true true false 19 Double 0 0 ,First,#,apiai_lito,ERRO_PRE_2,-1,-1;PRESSAO_PI "PRESSAO_PI" true true false 254 Text 0 0 ,First,#,apiai_lito,PRESSAO_PI,-1,-1;TRAJETORIA "TRAJETORIA" true true false 254 Text 0 0 ,First,#,apiai_lito,TRAJETORIA,-1,-1;ERRO_PRE_3 "ERRO_PRE_3" true true false 254 Text 0 0 ,First,#,apiai_lito,ERRO_PRE_3,-1,-1;ERRO_PRE_4 "ERRO_PRE_4" true true false 254 Text 0 0 ,First,#,apiai_lito,ERRO_PRE_4,-1,-1;CLASSE_ROC "CLASSE_ROC" true true false 254 Text 0 0 ,First,#,apiai_lito,CLASSE_ROC,-1,-1;CLASSE_R_1 "CLASSE_R_1" true true false 254 Text 0 0 ,First,#,apiai_lito,CLASSE_R_1,-1,-1;BB_SUBCLAS "BB_SUBCLAS" true true false 254 Text 0 0 ,First,#,apiai_lito,BB_SUBCLAS,-1,-1;BB_SUBCL_1 "BB_SUBCL_1" true true false 254 Text 0 0 ,First,#,apiai_lito,BB_SUBCL_1,-1,-1"</Process><Process ToolSource="c:\program files (x86)\arcgis\desktop10.6\ArcToolbox\Toolboxes\Data Management Tools.tbx\Eliminate" Date="20200430" Time="144005">Eliminate apiai_lito_Merge C:\Users\elias.bernard\Documents\ArcGIS\Default.gdb\apiai_lito_Merge_Eliminate LENGTH # #</Process><Process ToolSource="c:\program files (x86)\arcgis\desktop10.5\ArcToolbox\Toolboxes\Analysis Tools.tbx\Clip" Date="20200722" Time="094258">Clip apiai_lito apiai_limite C:\Users\T-Gamer\Documents\ArcGIS\Default.gdb\apiai_lito_Clip #</Process><Process ToolSource="C:\CPRM_TRABALHOS\1_250000\Topologia.tbx\FeatureToPoint" Date="20200722" Time="094713">FeatureToPoint apiai_lito_Clip C:\Users\T-Gamer\Documents\ArcGIS\Default.gdb\apiai_lito_Clip_FeatureToPoi INSIDE</Process><Process ToolSource="C:\CPRM_TRABALHOS\1_250000\Topologia.tbx\FeatureToPolygon" Date="20200722" Time="094730">FeatureToPolygon apiai_ine C:\Users\T-Gamer\Documents\ArcGIS\Default.gdb\apiai_ine_FeatureToPolygon # ATTRIBUTES apiai_lito_Clip_FeatureToPoi</Process></lineage></DataProperties><SyncDate>20200722</SyncDate><SyncTime>09472900</SyncTime><ModDate>20200722</ModDate><ModTime>09472900</ModTime></Esri><dataIdInfo><envirDesc Sync="TRUE"> Version 6.2 (Build 9200) ; Esri ArcGIS 10.5.0.6491</envirDesc><dataLang><languageCode value="por" Sync="TRUE"></languageCode><countryCode value="BRA" Sync="TRUE"></countryCode></dataLang><idCitation><resTitle Sync="TRUE">apiai_ine_FeatureToPolygon</resTitle><presForm><PresFormCd value="005" Sync="TRUE"></PresFormCd></presForm></idCitation><spatRpType><SpatRepTypCd value="001" Sync="TRUE"></SpatRepTypCd></spatRpType></dataIdInfo><mdLang><languageCode value="por" Sync="TRUE"></languageCode><countryCode value="BRA" Sync="TRUE"></countryCode></mdLang><distInfo><distFormat><formatName Sync="TRUE">File Geodatabase Feature Class</formatName></distFormat></distInfo><mdHrLv><ScopeCd value="005" Sync="TRUE"></ScopeCd></mdHrLv><mdHrLvName Sync="TRUE">dataset</mdHrLvName><refSysInfo><RefSystem><refSysID><identCode code="4326" Sync="TRUE"></identCode><idCodeSpace Sync="TRUE">EPSG</idCodeSpace><idVersion Sync="TRUE">6.14(3.0.1)</idVersion></refSysID></RefSystem></refSysInfo><spatRepInfo><VectSpatRep><geometObjs Name="apiai_ine_FeatureToPolygon"><geoObjTyp><GeoObjTypCd value="002" Sync="TRUE"></GeoObjTypCd></geoObjTyp><geoObjCnt Sync="TRUE">0</geoObjCnt></geometObjs><topLvl><TopoLevCd value="001" Sync="TRUE"></TopoLevCd></topLvl></VectSpatRep></spatRepInfo><spdoinfo><ptvctinf><esriterm Name="apiai_ine_FeatureToPolygon"><efeatyp Sync="TRUE">Simple</efeatyp><efeageom code="4" Sync="TRUE"></efeageom><esritopo Sync="TRUE">FALSE</esritopo><efeacnt Sync="TRUE">0</efeacnt><spindex Sync="TRUE">TRUE</spindex><linrefer Sync="TRUE">FALSE</linrefer></esriterm></ptvctinf></spdoinfo><eainfo><detailed Name="apiai_ine_FeatureToPolygon"><enttyp><enttypl Sync="TRUE">apiai_ine_FeatureToPolygon</enttypl><enttypt Sync="TRUE">Feature Class</enttypt><enttypc Sync="TRUE">0</enttypc></enttyp><attr><attrlabl Sync="TRUE">OBJECTID</attrlabl><attalias Sync="TRUE">FID</attalias><attrtype Sync="TRUE">OID</attrtype><attwidth Sync="TRUE">4</attwidth><atprecis Sync="TRUE">0</atprecis><attscale Sync="TRUE">0</attscale><attrdef Sync="TRUE">Internal feature number.</attrdef><attrdefs Sync="TRUE">Esri</attrdefs><attrdomv><udom Sync="TRUE">Sequential unique whole numbers that are automatically generated.</udom></attrdomv></attr><attr><attrlabl Sync="TRUE">Shape</attrlabl><attalias Sync="TRUE">Shape</attalias><attrtype Sync="TRUE">Geometry</attrtype><attwidth Sync="TRUE">0</attwidth><atprecis Sync="TRUE">0</atprecis><attscale Sync="TRUE">0</attscale><attrdef Sync="TRUE">Feature geometry.</attrdef><attrdefs Sync="TRUE">Esri</attrdefs><attrdomv><udom Sync="TRUE">Coordinates defining the features.</udom></attrdomv></attr><attr><attrlabl Sync="TRUE">COD_UNI_ES</attrlabl><attalias Sync="TRUE">COD_UNI_ES</attalias><attrtype Sync="TRUE">Integer</attrtype><attwidth Sync="TRUE">4</attwidth><atprecis Sync="TRUE">0</atprecis><attscale Sync="TRUE">0</attscale></attr><attr><attrlabl Sync="TRUE">SIGLA_UNID</attrlabl><attalias Sync="TRUE">SIGLA_UNID</attalias><attrtype Sync="TRUE">String</attrtype><attwidth Sync="TRUE">254</attwidth><atprecis Sync="TRUE">0</atprecis><attscale Sync="TRUE">0</attscale></attr><attr><attrlabl Sync="TRUE">SIGLAS_ANT</attrlabl><attalias Sync="TRUE">SIGLAS_ANT</attalias><attrtype Sync="TRUE">String</attrtype><attwidth Sync="TRUE">254</attwidth><atprecis Sync="TRUE">0</atprecis><attscale Sync="TRUE">0</attscale></attr><attr><attrlabl Sync="TRUE">HIERARQUIA</attrlabl><attalias Sync="TRUE">HIERARQUIA</attalias><attrtype Sync="TRUE">String</attrtype><attwidth Sync="TRUE">254</attwidth><atprecis Sync="TRUE">0</atprecis><attscale Sync="TRUE">0</attscale></attr><attr><attrlabl Sync="TRUE">NOME_UNIDA</attrlabl><attalias Sync="TRUE">NOME_UNIDA</attalias><attrtype Sync="TRUE">String</attrtype><attwidth Sync="TRUE">254</attwidth><atprecis Sync="TRUE">0</atprecis><attscale Sync="TRUE">0</attscale></attr><attr><attrlabl Sync="TRUE">HIERARQU_1</attrlabl><attalias Sync="TRUE">HIERARQU_1</attalias><attrtype Sync="TRUE">String</attrtype><attwidth Sync="TRUE">254</attwidth><atprecis Sync="TRUE">0</atprecis><attscale Sync="TRUE">0</attscale></attr><attr><attrlabl Sync="TRUE">ESCALAS</attrlabl><attalias Sync="TRUE">ESCALAS</attalias><attrtype Sync="TRUE">String</attrtype><attwidth Sync="TRUE">254</attwidth><atprecis Sync="TRUE">0</atprecis><attscale Sync="TRUE">0</attscale></attr><attr><attrlabl Sync="TRUE">EON_IDADE_</attrlabl><attalias Sync="TRUE">EON_IDADE_</attalias><attrtype Sync="TRUE">String</attrtype><attwidth Sync="TRUE">254</attwidth><atprecis Sync="TRUE">0</atprecis><attscale Sync="TRUE">0</attscale></attr><attr><attrlabl Sync="TRUE">EON_IDADE1</attrlabl><attalias Sync="TRUE">EON_IDADE1</attalias><attrtype Sync="TRUE">String</attrtype><attwidth Sync="TRUE">254</attwidth><atprecis Sync="TRUE">0</atprecis><attscale Sync="TRUE">0</attscale></attr><attr><attrlabl Sync="TRUE">ERA_MINIMA</attrlabl><attalias Sync="TRUE">ERA_MINIMA</attalias><attrtype Sync="TRUE">String</attrtype><attwidth Sync="TRUE">254</attwidth><atprecis Sync="TRUE">0</atprecis><attscale Sync="TRUE">0</attscale></attr><attr><attrlabl Sync="TRUE">ERA_MAXIMA</attrlabl><attalias Sync="TRUE">ERA_MAXIMA</attalias><attrtype Sync="TRUE">String</attrtype><attwidth Sync="TRUE">254</attwidth><atprecis Sync="TRUE">0</atprecis><attscale Sync="TRUE">0</attscale></attr><attr><attrlabl Sync="TRUE">PERIODO_MI</attrlabl><attalias Sync="TRUE">PERIODO_MI</attalias><attrtype Sync="TRUE">String</attrtype><attwidth Sync="TRUE">254</attwidth><atprecis Sync="TRUE">0</atprecis><attscale Sync="TRUE">0</attscale></attr><attr><attrlabl Sync="TRUE">PERIODO_MA</attrlabl><attalias Sync="TRUE">PERIODO_MA</attalias><attrtype Sync="TRUE">String</attrtype><attwidth Sync="TRUE">254</attwidth><atprecis Sync="TRUE">0</atprecis><attscale Sync="TRUE">0</attscale></attr><attr><attrlabl Sync="TRUE">EPOCA_MIN</attrlabl><attalias Sync="TRUE">EPOCA_MIN</attalias><attrtype Sync="TRUE">String</attrtype><attwidth Sync="TRUE">254</attwidth><atprecis Sync="TRUE">0</atprecis><attscale Sync="TRUE">0</attscale></attr><attr><attrlabl Sync="TRUE">EPOCA_MAX</attrlabl><attalias Sync="TRUE">EPOCA_MAX</attalias><attrtype Sync="TRUE">String</attrtype><attwidth Sync="TRUE">254</attwidth><atprecis Sync="TRUE">0</atprecis><attscale Sync="TRUE">0</attscale></attr><attr><attrlabl Sync="TRUE">TIPO_DEPOS</attrlabl><attalias Sync="TRUE">TIPO_DEPOS</attalias><attrtype Sync="TRUE">String</attrtype><attwidth Sync="TRUE">254</attwidth><atprecis Sync="TRUE">0</atprecis><attscale Sync="TRUE">0</attscale></attr><attr><attrlabl Sync="TRUE">ASSOC_MAGM</attrlabl><attalias Sync="TRUE">ASSOC_MAGM</attalias><attrtype Sync="TRUE">String</attrtype><attwidth Sync="TRUE">254</attwidth><atprecis Sync="TRUE">0</atprecis><attscale Sync="TRUE">0</attscale></attr><attr><attrlabl Sync="TRUE">NIVEL_CRUS</attrlabl><attalias Sync="TRUE">NIVEL_CRUS</attalias><attrtype Sync="TRUE">String</attrtype><attwidth Sync="TRUE">254</attwidth><atprecis Sync="TRUE">0</atprecis><attscale Sync="TRUE">0</attscale></attr><attr><attrlabl Sync="TRUE">TEXTURA_IG</attrlabl><attalias Sync="TRUE">TEXTURA_IG</attalias><attrtype Sync="TRUE">String</attrtype><attwidth Sync="TRUE">254</attwidth><atprecis Sync="TRUE">0</atprecis><attscale Sync="TRUE">0</attscale></attr><attr><attrlabl Sync="TRUE">FONTE_MAGM</attrlabl><attalias Sync="TRUE">FONTE_MAGM</attalias><attrtype Sync="TRUE">String</attrtype><attwidth Sync="TRUE">254</attwidth><atprecis Sync="TRUE">0</atprecis><attscale Sync="TRUE">0</attscale></attr><attr><attrlabl Sync="TRUE">MORFOLOGIA</attrlabl><attalias Sync="TRUE">MORFOLOGIA</attalias><attrtype Sync="TRUE">String</attrtype><attwidth Sync="TRUE">254</attwidth><atprecis Sync="TRUE">0</atprecis><attscale Sync="TRUE">0</attscale></attr><attr><attrlabl Sync="TRUE">AMBIENTE_T</attrlabl><attalias Sync="TRUE">AMBIENTE_T</attalias><attrtype Sync="TRUE">String</attrtype><attwidth Sync="TRUE">254</attwidth><atprecis Sync="TRUE">0</atprecis><attscale Sync="TRUE">0</attscale></attr><attr><attrlabl Sync="TRUE">METAMORFIS</attrlabl><attalias Sync="TRUE">METAMORFIS</attalias><attrtype Sync="TRUE">String</attrtype><attwidth Sync="TRUE">254</attwidth><atprecis Sync="TRUE">0</atprecis><attscale Sync="TRUE">0</attscale></attr><attr><attrlabl Sync="TRUE">METODO_GEO</attrlabl><attalias Sync="TRUE">METODO_GEO</attalias><attrtype Sync="TRUE">String</attrtype><attwidth Sync="TRUE">254</attwidth><atprecis Sync="TRUE">0</atprecis><attscale Sync="TRUE">0</attscale></attr><attr><attrlabl Sync="TRUE">TEMP_PICO</attrlabl><attalias Sync="TRUE">TEMP_PICO</attalias><attrtype Sync="TRUE">String</attrtype><attwidth Sync="TRUE">254</attwidth><atprecis Sync="TRUE">0</atprecis><attscale Sync="TRUE">0</attscale></attr><attr><attrlabl Sync="TRUE">ERRO_TEMP_</attrlabl><attalias Sync="TRUE">ERRO_TEMP_</attalias><attrtype Sync="TRUE">String</attrtype><attwidth Sync="TRUE">254</attwidth><atprecis Sync="TRUE">0</atprecis><attscale Sync="TRUE">0</attscale></attr><attr><attrlabl Sync="TRUE">ERRO_TEMP1</attrlabl><attalias Sync="TRUE">ERRO_TEMP1</attalias><attrtype Sync="TRUE">Double</attrtype><attwidth Sync="TRUE">8</attwidth><atprecis Sync="TRUE">0</atprecis><attscale Sync="TRUE">0</attscale></attr><attr><attrlabl Sync="TRUE">ERRO_TEM_1</attrlabl><attalias Sync="TRUE">ERRO_TEM_1</attalias><attrtype Sync="TRUE">Double</attrtype><attwidth Sync="TRUE">8</attwidth><atprecis Sync="TRUE">0</atprecis><attscale Sync="TRUE">0</attscale></attr><attr><attrlabl Sync="TRUE">ERRO_TEM_2</attrlabl><attalias Sync="TRUE">ERRO_TEM_2</attalias><attrtype Sync="TRUE">String</attrtype><attwidth Sync="TRUE">254</attwidth><atprecis Sync="TRUE">0</atprecis><attscale Sync="TRUE">0</attscale></attr><attr><attrlabl Sync="TRUE">ERRO_PRESS</attrlabl><attalias Sync="TRUE">ERRO_PRESS</attalias><attrtype Sync="TRUE">String</attrtype><attwidth Sync="TRUE">254</attwidth><atprecis Sync="TRUE">0</atprecis><attscale Sync="TRUE">0</attscale></attr><attr><attrlabl Sync="TRUE">ERRO_PRE_1</attrlabl><attalias Sync="TRUE">ERRO_PRE_1</attalias><attrtype Sync="TRUE">Double</attrtype><attwidth Sync="TRUE">8</attwidth><atprecis Sync="TRUE">0</atprecis><attscale Sync="TRUE">0</attscale></attr><attr><attrlabl Sync="TRUE">ERRO_PRE_2</attrlabl><attalias Sync="TRUE">ERRO_PRE_2</attalias><attrtype Sync="TRUE">Double</attrtype><attwidth Sync="TRUE">8</attwidth><atprecis Sync="TRUE">0</atprecis><attscale Sync="TRUE">0</attscale></attr><attr><attrlabl Sync="TRUE">PRESSAO_PI</attrlabl><attalias Sync="TRUE">PRESSAO_PI</attalias><attrtype Sync="TRUE">String</attrtype><attwidth Sync="TRUE">254</attwidth><atprecis Sync="TRUE">0</atprecis><attscale Sync="TRUE">0</attscale></attr><attr><attrlabl Sync="TRUE">TRAJETORIA</attrlabl><attalias Sync="TRUE">TRAJETORIA</attalias><attrtype Sync="TRUE">String</attrtype><attwidth Sync="TRUE">254</attwidth><atprecis Sync="TRUE">0</atprecis><attscale Sync="TRUE">0</attscale></attr><attr><attrlabl Sync="TRUE">ERRO_PRE_3</attrlabl><attalias Sync="TRUE">ERRO_PRE_3</attalias><attrtype Sync="TRUE">String</attrtype><attwidth Sync="TRUE">254</attwidth><atprecis Sync="TRUE">0</atprecis><attscale Sync="TRUE">0</attscale></attr><attr><attrlabl Sync="TRUE">ERRO_PRE_4</attrlabl><attalias Sync="TRUE">ERRO_PRE_4</attalias><attrtype Sync="TRUE">String</attrtype><attwidth Sync="TRUE">254</attwidth><atprecis Sync="TRUE">0</atprecis><attscale Sync="TRUE">0</attscale></attr><attr><attrlabl Sync="TRUE">CLASSE_ROC</attrlabl><attalias Sync="TRUE">CLASSE_ROC</attalias><attrtype Sync="TRUE">String</attrtype><attwidth Sync="TRUE">254</attwidth><atprecis Sync="TRUE">0</atprecis><attscale Sync="TRUE">0</attscale></attr><attr><attrlabl Sync="TRUE">CLASSE_R_1</attrlabl><attalias Sync="TRUE">CLASSE_R_1</attalias><attrtype Sync="TRUE">String</attrtype><attwidth Sync="TRUE">254</attwidth><atprecis Sync="TRUE">0</atprecis><attscale Sync="TRUE">0</attscale></attr><attr><attrlabl Sync="TRUE">BB_SUBCLAS</attrlabl><attalias Sync="TRUE">BB_SUBCLAS</attalias><attrtype Sync="TRUE">String</attrtype><attwidth Sync="TRUE">254</attwidth><atprecis Sync="TRUE">0</atprecis><attscale Sync="TRUE">0</attscale></attr><attr><attrlabl Sync="TRUE">BB_SUBCL_1</attrlabl><attalias Sync="TRUE">BB_SUBCL_1</attalias><attrtype Sync="TRUE">String</attrtype><attwidth Sync="TRUE">254</attwidth><atprecis Sync="TRUE">0</atprecis><attscale Sync="TRUE">0</attscale></attr><attr><attrlabl Sync="TRUE">ORIG_FID</attrlabl><attalias Sync="TRUE">ORIG_FID</attalias><attrtype Sync="TRUE">Integer</attrtype><attwidth Sync="TRUE">4</attwidth><atprecis Sync="TRUE">0</atprecis><attscale Sync="TRUE">0</attscale></attr><attr><attrlabl Sync="TRUE">Shape_Length</attrlabl><attalias Sync="TRUE">Shape_Length</attalias><attrtype Sync="TRUE">Double</attrtype><attwidth Sync="TRUE">8</attwidth><atprecis Sync="TRUE">0</atprecis><attscale Sync="TRUE">0</attscale><attrdef Sync="TRUE">Length of feature in internal units.</attrdef><attrdefs Sync="TRUE">Esri</attrdefs><attrdomv><udom Sync="TRUE">Positive real numbers that are automatically generated.</udom></attrdomv></attr><attr><attrlabl Sync="TRUE">Shape_Area</attrlabl><attalias Sync="TRUE">Shape_Area</attalias><attrtype Sync="TRUE">Double</attrtype><attwidth Sync="TRUE">8</attwidth><atprecis Sync="TRUE">0</atprecis><attscale Sync="TRUE">0</attscale><attrdef Sync="TRUE">Area of feature in internal units squared.</attrdef><attrdefs Sync="TRUE">Esri</attrdefs><attrdomv><udom Sync="TRUE">Positive real numbers that are automatically generated.</udom></attrdomv></attr></detailed></eainfo><mdDateSt Sync="TRUE">20200722</mdDateSt></metadata>
