<?xml version="1.0" encoding="UTF-8"?>
<metadata xml:lang="pt"><Esri><CreaDate>20221118</CreaDate><CreaTime>13464200</CreaTime><ArcGISFormat>1.0</ArcGISFormat><ArcGISstyle>ISO 19139 Metadata Implementation Specification</ArcGISstyle><SyncOnce>FALSE</SyncOnce><DataProperties><itemProps><itemName Sync="TRUE">Gride_Brasil_100000</itemName><imsContentType Sync="TRUE">002</imsContentType><itemSize Sync="TRUE">0,000</itemSize><itemLocation><linkage Sync="TRUE">file://\\ELIASBERNARD\Trabalhos 2013\MALHA_BRASIL\Grides\Gride_Brasil_100000.shp</linkage><protocol Sync="TRUE">Local Area Network</protocol></itemLocation></itemProps><coordRef><type Sync="TRUE">Geographic</type><geogcsn Sync="TRUE">GCS_WGS_1984</geogcsn><peXml Sync="TRUE">&lt;GeographicCoordinateSystem xsi:type='typens:GeographicCoordinateSystem' xmlns:xsi='http://www.w3.org/2001/XMLSchema-instance' xmlns:xs='http://www.w3.org/2001/XMLSchema' xmlns:typens='http://www.esri.com/schemas/ArcGIS/10.0'&gt;&lt;WKT&gt;GEOGCS[&amp;quot;GCS_WGS_1984&amp;quot;,DATUM[&amp;quot;D_WGS_1984&amp;quot;,SPHEROID[&amp;quot;WGS_1984&amp;quot;,6378137.0,298.257223563]],PRIMEM[&amp;quot;Greenwich&amp;quot;,0.0],UNIT[&amp;quot;Degree&amp;quot;,0.0174532925199433],AUTHORITY[&amp;quot;EPSG&amp;quot;,4326]]&lt;/WKT&gt;&lt;XOrigin&gt;-399.99999999999989&lt;/XOrigin&gt;&lt;YOrigin&gt;-399.99999999999989&lt;/YOrigin&gt;&lt;XYScale&gt;11258999068426.24&lt;/XYScale&gt;&lt;ZOrigin&gt;-100000&lt;/ZOrigin&gt;&lt;ZScale&gt;10000&lt;/ZScale&gt;&lt;MOrigin&gt;-100000&lt;/MOrigin&gt;&lt;MScale&gt;10000&lt;/MScale&gt;&lt;XYTolerance&gt;8.9831528411952133e-009&lt;/XYTolerance&gt;&lt;ZTolerance&gt;0.001&lt;/ZTolerance&gt;&lt;MTolerance&gt;0.001&lt;/MTolerance&gt;&lt;HighPrecision&gt;true&lt;/HighPrecision&gt;&lt;LeftLongitude&gt;-180&lt;/LeftLongitude&gt;&lt;WKID&gt;4326&lt;/WKID&gt;&lt;/GeographicCoordinateSystem&gt;</peXml></coordRef><lineage><Process ToolSource="C:\Arquivos de programas\ArcGIS\Desktop10.0\ArcToolbox\Toolboxes\Analysis Tools.tbx\SpatialJoin" Date="20131028" Time="095515">SpatialJoin malha_brasil_1 DG "H:\Trabalhos 2013\MALHA_BRASIL\Grides\Gride_Brasil_100000.shp" JOIN_ONE_TO_ONE KEEP_ALL "NOME_FOLHA "NOME_FOLHA" true true false 254 Text 0 0 ,First,#,D:\_EXCLUIR\DG.shp,NOME_FOLHA,-1,-1;COD_FOLHA "COD_FOLHA" true true false 254 Text 0 0 ,First,#,D:\_EXCLUIR\DG.shp,COD_FOLHA,-1,-1;FOLNUM "FOLNUM" true true false 254 Text 0 0 ,First,#,D:\_EXCLUIR\DG.shp,FOLNUM,-1,-1;EXEC "EXEC" true true false 254 Text 0 0 ,First,#,D:\_EXCLUIR\DG.shp,EXEC,-1,-1;BASE "BASE" true true false 254 Text 0 0 ,First,#,D:\_EXCLUIR\DG.shp,BASE,-1,-1;ANO_BASE "ANO_BASE" true true false 16 Double 0 16 ,First,#,D:\_EXCLUIR\DG.shp,ANO_BASE,-1,-1" INTERSECT # #</Process><Process ToolSource="c:\program files (x86)\arcgis\desktop10.2\ArcToolbox\Toolboxes\Data Management Tools.tbx\CalculateField" Date="20150113" Time="083313">CalculateField Gride_Brasil_100000 NOME_FOLHA "Santa Luzia do Pará" VB #</Process><Process ToolSource="c:\program files (x86)\arcgis\desktop10.2\ArcToolbox\Toolboxes\Data Management Tools.tbx\CalculateField" Date="20151113" Time="141219">CalculateField Gride_Brasil_100000 NOME_FOLHA "Lajes" VB #</Process><Process ToolSource="c:\program files (x86)\arcgis\desktop10.2\ArcToolbox\Toolboxes\Data Management Tools.tbx\CalculateField" Date="20151113" Time="145257">CalculateField Gride_Brasil_100000 NOME_FOLHA "Solânea" VB #</Process><Process ToolSource="c:\program files (x86)\arcgis\desktop10.2\ArcToolbox\Toolboxes\Data Management Tools.tbx\CalculateField" Date="20151113" Time="145424">CalculateField Gride_Brasil_100000 NOME_FOLHA "Campina Grande" VB #</Process><Process ToolSource="c:\program files (x86)\arcgis\desktop10.2\ArcToolbox\Toolboxes\Data Management Tools.tbx\CalculateField" Date="20151113" Time="162007">CalculateField Gride_Brasil_100000 NOME_FOLHA "Lagoa da Meia Lua" VB #</Process><Process ToolSource="c:\program files (x86)\arcgis\desktop10.2\ArcToolbox\Toolboxes\Data Management Tools.tbx\CalculateField" Date="20151113" Time="162043">CalculateField Gride_Brasil_100000 NOME_FOLHA "Igrejinha" VB #</Process><Process ToolSource="c:\program files (x86)\arcgis\desktop10.2\ArcToolbox\Toolboxes\Data Management Tools.tbx\CalculateField" Date="20151113" Time="162116">CalculateField Gride_Brasil_100000 NOME_FOLHA "Passo São Diogo" VB #</Process><Process ToolSource="c:\program files (x86)\arcgis\desktop10.2\ArcToolbox\Toolboxes\Data Management Tools.tbx\CalculateField" Date="20151113" Time="162143">CalculateField Gride_Brasil_100000 NOME_FOLHA "Aceguá" VB #</Process><Process ToolSource="c:\program files (x86)\arcgis\desktop10.2\ArcToolbox\Toolboxes\Data Management Tools.tbx\CalculateField" Date="20151113" Time="162213">CalculateField Gride_Brasil_100000 NOME_FOLHA "Curral de Pedras" VB #</Process><Process ToolSource="c:\program files (x86)\arcgis\desktop10.2\ArcToolbox\Toolboxes\Data Management Tools.tbx\CalculateField" Date="20151113" Time="162513">CalculateField Gride_Brasil_100000 NOME_FOLHA "Bagé" VB #</Process><Process ToolSource="c:\program files (x86)\arcgis\desktop10.2\ArcToolbox\Toolboxes\Data Management Tools.tbx\CalculateField" Date="20151113" Time="162529">CalculateField Gride_Brasil_100000 NOME_FOLHA "Curral de Pedras" VB #</Process><Process ToolSource="c:\program files (x86)\arcgis\desktop10.2\ArcToolbox\Toolboxes\Data Management Tools.tbx\CalculateField" Date="20151217" Time="163330">CalculateField Gride_Brasil_100000 NOME_FOLHA "Lagoa do Alegre" VB #</Process><Process ToolSource="c:\program files (x86)\arcgis\desktop10.2\ArcToolbox\Toolboxes\Data Management Tools.tbx\CalculateField" Date="20160307" Time="150651">CalculateField Gride_Brasil_100000 NOME_FOLHA "Santa Luzia do Pará" VB #</Process><Process ToolSource="c:\program files (x86)\arcgis\desktop10.2\ArcToolbox\Toolboxes\Data Management Tools.tbx\CalculateField" Date="20160602" Time="113109">CalculateField Gride_Brasil_100000 NOME_FOLHA strOutput VB "strInput = lcase([nome_folha])\niPosition = 1\niSpace = ""\nstrOutput = ""\nDo While InStr(iPosition, strInput, " ", 1) &lt;&gt; 0\n        iSpace = InStr(iPosition, strInput, " ", 1)\n        strOutput = strOutput &amp; UCase(Mid(strInput, iPosition, 1))\n        strOutput = strOutput &amp; LCase(Mid(strInput, iPosition + 1, iSpace - iPosition))\n        iPosition = iSpace + 1\n    Loop\n    strOutput = strOutput &amp; UCase(Mid(strInput, iPosition, 1))\n    strOutput = strOutput &amp; LCase(Mid(strInput, iPosition + 1))\n    strOutput = replace(strOutput , " Do "," do ")\n    strOutput = replace(strOutput , " De "," de ")\n    strOutput = replace(strOutput , " Da "," da ")\n    strOutput = replace(strOutput , " Dos "," dos ")\n    strOutput = replace(strOutput , " Ou "," ou ")\n    strOutput = replace(strOutput , " Das "," das ")\n    strOutput = replace(strOutput , " O "," o ")\nstrOutput = replace(strOutput , " E "," e ")\n    strOutput = replace(strOutput , "Igarape","Igarapé")\n\n\n\n"</Process><Process ToolSource="c:\program files (x86)\arcgis\desktop10.2\ArcToolbox\Toolboxes\Data Management Tools.tbx\CalculateField" Date="20170614" Time="153442">CalculateField Gride_Brasil_100000 NOME_FOLHA "Vila do Pitinga" VB #</Process><Process ToolSource="c:\program files (x86)\arcgis\desktop10.2\ArcToolbox\Toolboxes\Data Management Tools.tbx\CalculateField" Date="20171019" Time="093344">CalculateField Gride_Brasil_100000 COD_FOLHA "SA-23-V-D-II" VB #</Process><Process ToolSource="c:\program files (x86)\arcgis\desktop10.6\ArcToolbox\Toolboxes\Data Management Tools.tbx\CalculateField" Date="20190415" Time="141901">CalculateField Gride_Brasil_100000 NOME_FOLHA "Pinheiro Machado" VB #</Process><Process ToolSource="c:\program files (x86)\arcgis\desktop10.6\ArcToolbox\Toolboxes\Data Management Tools.tbx\CalculateField" Date="20190415" Time="141918">CalculateField Gride_Brasil_100000 NOME_FOLHA "Pedro Osório" VB #</Process><Process ToolSource="c:\program files (x86)\arcgis\desktop10.6\ArcToolbox\Toolboxes\Data Management Tools.tbx\CalculateField" Date="20190415" Time="142009">CalculateField Gride_Brasil_100000 NOME_FOLHA "Pelotas" VB #</Process><Process ToolSource="c:\program files (x86)\arcgis\desktop10.6\ArcToolbox\Toolboxes\Data Management Tools.tbx\CalculateField" Date="20190415" Time="152243">CalculateField Gride_Brasil_100000 NOME_FOLHA "Matarazzo" VB #</Process><Process ToolSource="c:\program files (x86)\arcgis\desktop10.6\ArcToolbox\Toolboxes\Data Management Tools.tbx\CalculateField" Date="20190415" Time="152531">CalculateField Gride_Brasil_100000 NOME_FOLHA "Arroio Grande" VB #</Process><Process Name="Excluir Campo" ToolSource="c:\program files (x86)\arcgis\desktop10.6\ArcToolbox\Toolboxes\Data Management Tools.tbx\DeleteField" Date="20190523" Time="145439">DeleteField Gride_Brasil_100 OBJECTID;Shape_Leng;Id;Shape_Area;ET_ID</Process></lineage></DataProperties><SyncDate>20131028</SyncDate><SyncTime>09551300</SyncTime><ModDate>20131028</ModDate><ModTime>09551300</ModTime></Esri><dataIdInfo><envirDesc Sync="TRUE">Microsoft Windows XP Version 5.1 (Build 2600) Service Pack 3; ESRI ArcGIS 10.0.0.2414</envirDesc><dataLang><languageCode value="pt" country="BR"></languageCode></dataLang><idCitation><resTitle Sync="TRUE">Gride_Brasil_100000</resTitle><presForm><PresFormCd value="005"></PresFormCd></presForm></idCitation><descKeys><thesaName uuidref="723f6998-058e-11dc-8314-0800200c9a66"></thesaName><keyword Sync="TRUE">002</keyword></descKeys><spatRpType><SpatRepTypCd value="001"></SpatRepTypCd></spatRpType></dataIdInfo><mdLang><languageCode value="pt"></languageCode></mdLang><mdChar><CharSetCd value="004"></CharSetCd></mdChar><distInfo><distFormat><formatName Sync="TRUE">Shapefile</formatName></distFormat><distTranOps><transSize Sync="TRUE">0,000</transSize></distTranOps></distInfo><mdHrLv><ScopeCd value="005"></ScopeCd></mdHrLv><mdHrLvName Sync="TRUE">dataset</mdHrLvName><refSysInfo><RefSystem><refSysID><identCode code="4326"></identCode><idCodeSpace Sync="TRUE">EPSG</idCodeSpace><idVersion Sync="TRUE">7.4.1</idVersion></refSysID></RefSystem></refSysInfo><spdoinfo><ptvctinf><esriterm Name="Gride_Brasil_100000"><efeatyp Sync="TRUE">Simple</efeatyp><efeageom Sync="TRUE">4</efeageom><esritopo Sync="TRUE">FALSE</esritopo><efeacnt Sync="TRUE">0</efeacnt><spindex Sync="TRUE">FALSE</spindex><linrefer Sync="TRUE">FALSE</linrefer></esriterm></ptvctinf></spdoinfo><spatRepInfo><VectSpatRep><topLvl><TopoLevCd value="001"></TopoLevCd></topLvl><geometObjs><geoObjTyp><GeoObjTypCd value="002"></GeoObjTypCd><geoObjCnt Sync="TRUE">0</geoObjCnt></geoObjTyp></geometObjs></VectSpatRep></spatRepInfo><eainfo><detailed Name="Gride_Brasil_100000"><enttyp><enttypl Sync="TRUE">Gride_Brasil_100000</enttypl><enttypt Sync="TRUE">Feature Class</enttypt><enttypc Sync="TRUE">0</enttypc></enttyp><attr><attrlabl Sync="TRUE">FID</attrlabl><attalias Sync="TRUE">FID</attalias><attrtype Sync="TRUE">OID</attrtype><attwidth Sync="TRUE">4</attwidth><atprecis Sync="TRUE">0</atprecis><attscale Sync="TRUE">0</attscale><attrdef Sync="TRUE">Internal feature number.</attrdef><attrdefs Sync="TRUE">ESRI</attrdefs><attrdomv><udom Sync="TRUE">Sequential unique whole numbers that are automatically generated.</udom></attrdomv></attr><attr><attrlabl Sync="TRUE">Shape</attrlabl><attalias Sync="TRUE">Shape</attalias><attrtype Sync="TRUE">Geometry</attrtype><attwidth Sync="TRUE">0</attwidth><atprecis Sync="TRUE">0</atprecis><attscale Sync="TRUE">0</attscale><attrdef Sync="TRUE">Feature geometry.</attrdef><attrdefs Sync="TRUE">ESRI</attrdefs><attrdomv><udom Sync="TRUE">Coordinates defining the features.</udom></attrdomv></attr><attr><attrlabl Sync="TRUE">Join_Count</attrlabl><attalias Sync="TRUE">Join_Count</attalias><attrtype Sync="TRUE">Integer</attrtype><attwidth Sync="TRUE">9</attwidth><atprecis Sync="TRUE">9</atprecis><attscale Sync="TRUE">0</attscale></attr><attr><attrlabl Sync="TRUE">TARGET_FID</attrlabl><attalias Sync="TRUE">TARGET_FID</attalias><attrtype Sync="TRUE">Integer</attrtype><attwidth Sync="TRUE">9</attwidth><atprecis Sync="TRUE">9</atprecis><attscale Sync="TRUE">0</attscale></attr><attr><attrlabl Sync="TRUE">NOME_FOLHA</attrlabl><attalias Sync="TRUE">NOME_FOLHA</attalias><attrtype Sync="TRUE">String</attrtype><attwidth Sync="TRUE">254</attwidth><atprecis Sync="TRUE">0</atprecis><attscale Sync="TRUE">0</attscale></attr><attr><attrlabl Sync="TRUE">COD_FOLHA</attrlabl><attalias Sync="TRUE">COD_FOLHA</attalias><attrtype Sync="TRUE">String</attrtype><attwidth Sync="TRUE">254</attwidth><atprecis Sync="TRUE">0</atprecis><attscale Sync="TRUE">0</attscale></attr><attr><attrlabl Sync="TRUE">FOLNUM</attrlabl><attalias Sync="TRUE">FOLNUM</attalias><attrtype Sync="TRUE">String</attrtype><attwidth Sync="TRUE">254</attwidth><atprecis Sync="TRUE">0</atprecis><attscale Sync="TRUE">0</attscale></attr><attr><attrlabl Sync="TRUE">EXEC</attrlabl><attalias Sync="TRUE">EXEC</attalias><attrtype Sync="TRUE">String</attrtype><attwidth Sync="TRUE">254</attwidth><atprecis Sync="TRUE">0</atprecis><attscale Sync="TRUE">0</attscale></attr><attr><attrlabl Sync="TRUE">BASE</attrlabl><attalias Sync="TRUE">BASE</attalias><attrtype Sync="TRUE">String</attrtype><attwidth Sync="TRUE">254</attwidth><atprecis Sync="TRUE">0</atprecis><attscale Sync="TRUE">0</attscale></attr><attr><attrlabl Sync="TRUE">ANO_BASE</attrlabl><attalias Sync="TRUE">ANO_BASE</attalias><attrtype Sync="TRUE">Double</attrtype><attwidth Sync="TRUE">16</attwidth><atprecis Sync="TRUE">16</atprecis><attscale Sync="TRUE">0</attscale></attr></detailed></eainfo><mdDateSt Sync="TRUE">20131028</mdDateSt></metadata>
