<?xml version="1.0" encoding="UTF-8"?>
<metadata xml:lang="pt"><Esri><CreaDate>20221104</CreaDate><CreaTime>11154200</CreaTime><ArcGISFormat>1.0</ArcGISFormat><SyncOnce>TRUE</SyncOnce><DataProperties><lineage><Process Name="Add Fields (multiple)" ToolSource="c:\program files\arcgis\pro\Resources\ArcToolbox\toolboxes\Data Management Tools.tbx\AddFields" Date="20221104" Time="111542">AddFields iguape_localidade_p "LATITUDE DOUBLE # # # #;LONGITUDE DOUBLE # # # #" #</Process><Process Name="Calculate Geometry Attributes" ToolSource="c:\program files\arcgis\pro\Resources\ArcToolbox\toolboxes\Data Management Tools.tbx\CalculateGeometryAttributes" Date="20221104" Time="111547">CalculateGeometryAttributes iguape_localidade_p "LATITUDE POINT_Y;LONGITUDE POINT_X" # # GEOGCS["GCS_SIRGAS_2000",DATUM["D_SIRGAS_2000",SPHEROID["GRS_1980",6378137.0,298.257222101]],PRIMEM["Greenwich",0.0],UNIT["Degree",0.0174532925199433]] "Same as input"</Process></lineage></DataProperties></Esri></metadata>
