<?xml version="1.0" encoding="UTF-8"?>
<metadata xml:lang="pt"><Esri><CreaDate>20230303</CreaDate><CreaTime>16254700</CreaTime><ArcGISFormat>1.0</ArcGISFormat><SyncOnce>TRUE</SyncOnce><DataProperties><lineage><Process Name="Calcular Campo" ToolSource="c:\program files (x86)\arcgis\desktop10.8\ArcToolbox\Toolboxes\Data Management Tools.tbx\CalculateField" Date="20230303" Time="162547">CalculateField itarare_localidade TIPO strOutput VB "strInput = lcase([TIPO])\niPosition = 1\niSpace = ""\nstrOutput = ""\nDo While InStr(iPosition, strInput, " ", 1) &lt;&gt; 0\n        iSpace = InStr(iPosition, strInput, " ", 1)\n        strOutput = strOutput &amp; UCase(Mid(strInput, iPosition, 1))\n        strOutput = strOutput &amp; LCase(Mid(strInput, iPosition + 1, iSpace - iPosition))\n        iPosition = iSpace + 1\n    Loop\n    strOutput = strOutput &amp; UCase(Mid(strInput, iPosition, 1))\n    strOutput = strOutput &amp; LCase(Mid(strInput, iPosition + 1))\n    strOutput = replace(strOutput , " Do "," do ")\n    strOutput = replace(strOutput , " De "," de ")\n    strOutput = replace(strOutput , " Da "," da ")\n    strOutput = replace(strOutput , " Dos "," dos ")\n    strOutput = replace(strOutput , " Ou "," ou ")\n    strOutput = replace(strOutput , " Das "," das ")\n    strOutput = replace(strOutput , " O "," o ")\nstrOutput = replace(strOutput , " Não "," não ")\nstrOutput = replace(strOutput , " E "," e ")\n    strOutput = replace(strOutput , "Igarape","Igarapé")\n"</Process><Process Name="Calcular Campo" ToolSource="c:\program files (x86)\arcgis\desktop10.8\ArcToolbox\Toolboxes\Data Management Tools.tbx\CalculateField" Date="20230303" Time="162547">CalculateField itarare_localidade tipo strOutput VB "strInput = lcase([TIPO])\niPosition = 1\niSpace = ""\nstrOutput = ""\nDo While InStr(iPosition, strInput, " ", 1) &lt;&gt; 0\n        iSpace = InStr(iPosition, strInput, " ", 1)\n        strOutput = strOutput &amp; UCase(Mid(strInput, iPosition, 1))\n        strOutput = strOutput &amp; LCase(Mid(strInput, iPosition + 1, iSpace - iPosition))\n        iPosition = iSpace + 1\n    Loop\n    strOutput = strOutput &amp; UCase(Mid(strInput, iPosition, 1))\n    strOutput = strOutput &amp; LCase(Mid(strInput, iPosition + 1))\n    strOutput = replace(strOutput , " Do "," do ")\n    strOutput = replace(strOutput , " De "," de ")\n    strOutput = replace(strOutput , " Da "," da ")\n    strOutput = replace(strOutput , " Dos "," dos ")\n    strOutput = replace(strOutput , " Ou "," ou ")\n    strOutput = replace(strOutput , " Das "," das ")\n    strOutput = replace(strOutput , " O "," o ")\nstrOutput = replace(strOutput , " Não "," não ")\nstrOutput = replace(strOutput , " E "," e ")\n    strOutput = replace(strOutput , "Igarape","Igarapé")\n"</Process><Process Name="Calcular Campo" ToolSource="c:\program files (x86)\arcgis\desktop10.8\ArcToolbox\Toolboxes\Data Management Tools.tbx\CalculateField" Date="20230303" Time="162548">CalculateField itarare_localidade Tipo strOutput VB "strInput = lcase([TIPO])\niPosition = 1\niSpace = ""\nstrOutput = ""\nDo While InStr(iPosition, strInput, " ", 1) &lt;&gt; 0\n        iSpace = InStr(iPosition, strInput, " ", 1)\n        strOutput = strOutput &amp; UCase(Mid(strInput, iPosition, 1))\n        strOutput = strOutput &amp; LCase(Mid(strInput, iPosition + 1, iSpace - iPosition))\n        iPosition = iSpace + 1\n    Loop\n    strOutput = strOutput &amp; UCase(Mid(strInput, iPosition, 1))\n    strOutput = strOutput &amp; LCase(Mid(strInput, iPosition + 1))\n    strOutput = replace(strOutput , " Do "," do ")\n    strOutput = replace(strOutput , " De "," de ")\n    strOutput = replace(strOutput , " Da "," da ")\n    strOutput = replace(strOutput , " Dos "," dos ")\n    strOutput = replace(strOutput , " Ou "," ou ")\n    strOutput = replace(strOutput , " Das "," das ")\n    strOutput = replace(strOutput , " O "," o ")\nstrOutput = replace(strOutput , " Não "," não ")\nstrOutput = replace(strOutput , " E "," e ")\n    strOutput = replace(strOutput , "Igarape","Igarapé")\n"</Process><Process Name="Calcular Campo (2)" ToolSource="c:\program files (x86)\arcgis\desktop10.8\ArcToolbox\Toolboxes\Data Management Tools.tbx\CalculateField" Date="20230303" Time="162548">CalculateField itarare_localidade NOME strOutput VB "strInput = lcase([NOME])\niPosition = 1\niSpace = ""\nstrOutput = ""\nDo While InStr(iPosition, strInput, " ", 1) &lt;&gt; 0\n        iSpace = InStr(iPosition, strInput, " ", 1)\n        strOutput = strOutput &amp; UCase(Mid(strInput, iPosition, 1))\n        strOutput = strOutput &amp; LCase(Mid(strInput, iPosition + 1, iSpace - iPosition))\n        iPosition = iSpace + 1\n    Loop\n    strOutput = strOutput &amp; UCase(Mid(strInput, iPosition, 1))\n    strOutput = strOutput &amp; LCase(Mid(strInput, iPosition + 1))\n    strOutput = replace(strOutput , " Do "," do ")\n    strOutput = replace(strOutput , " De "," de ")\n    strOutput = replace(strOutput , " Da "," da ")\n    strOutput = replace(strOutput , " Dos "," dos ")\n    strOutput = replace(strOutput , " Ou "," ou ")\n    strOutput = replace(strOutput , " Das "," das ")\n    strOutput = replace(strOutput , " O "," o ")\nstrOutput = replace(strOutput , " Não "," não ")\nstrOutput = replace(strOutput , " E "," e ")\n    strOutput = replace(strOutput , "Igarape","Igarapé")\n"</Process><Process Name="Calcular Campo (2)" ToolSource="c:\program files (x86)\arcgis\desktop10.8\ArcToolbox\Toolboxes\Data Management Tools.tbx\CalculateField" Date="20230303" Time="162548">CalculateField itarare_localidade nome strOutput VB "strInput = lcase([NOME])\niPosition = 1\niSpace = ""\nstrOutput = ""\nDo While InStr(iPosition, strInput, " ", 1) &lt;&gt; 0\n        iSpace = InStr(iPosition, strInput, " ", 1)\n        strOutput = strOutput &amp; UCase(Mid(strInput, iPosition, 1))\n        strOutput = strOutput &amp; LCase(Mid(strInput, iPosition + 1, iSpace - iPosition))\n        iPosition = iSpace + 1\n    Loop\n    strOutput = strOutput &amp; UCase(Mid(strInput, iPosition, 1))\n    strOutput = strOutput &amp; LCase(Mid(strInput, iPosition + 1))\n    strOutput = replace(strOutput , " Do "," do ")\n    strOutput = replace(strOutput , " De "," de ")\n    strOutput = replace(strOutput , " Da "," da ")\n    strOutput = replace(strOutput , " Dos "," dos ")\n    strOutput = replace(strOutput , " Ou "," ou ")\n    strOutput = replace(strOutput , " Das "," das ")\n    strOutput = replace(strOutput , " O "," o ")\nstrOutput = replace(strOutput , " Não "," não ")\nstrOutput = replace(strOutput , " E "," e ")\n    strOutput = replace(strOutput , "Igarape","Igarapé")\n"</Process><Process Name="Calcular Campo (2)" ToolSource="c:\program files (x86)\arcgis\desktop10.8\ArcToolbox\Toolboxes\Data Management Tools.tbx\CalculateField" Date="20230303" Time="162548">CalculateField itarare_localidade Nome strOutput VB "strInput = lcase([NOME])\niPosition = 1\niSpace = ""\nstrOutput = ""\nDo While InStr(iPosition, strInput, " ", 1) &lt;&gt; 0\n        iSpace = InStr(iPosition, strInput, " ", 1)\n        strOutput = strOutput &amp; UCase(Mid(strInput, iPosition, 1))\n        strOutput = strOutput &amp; LCase(Mid(strInput, iPosition + 1, iSpace - iPosition))\n        iPosition = iSpace + 1\n    Loop\n    strOutput = strOutput &amp; UCase(Mid(strInput, iPosition, 1))\n    strOutput = strOutput &amp; LCase(Mid(strInput, iPosition + 1))\n    strOutput = replace(strOutput , " Do "," do ")\n    strOutput = replace(strOutput , " De "," de ")\n    strOutput = replace(strOutput , " Da "," da ")\n    strOutput = replace(strOutput , " Dos "," dos ")\n    strOutput = replace(strOutput , " Ou "," ou ")\n    strOutput = replace(strOutput , " Das "," das ")\n    strOutput = replace(strOutput , " O "," o ")\nstrOutput = replace(strOutput , " Não "," não ")\nstrOutput = replace(strOutput , " E "," e ")\n    strOutput = replace(strOutput , "Igarape","Igarapé")\n"</Process><Process Name="Add Fields (multiple)" ToolSource="c:\program files\arcgis\pro\Resources\ArcToolbox\toolboxes\Data Management Tools.tbx\AddFields" Date="20230303" Time="171011">AddFields itarare_localidade_p "LATITUDE DOUBLE # # # #;LONGITUDE DOUBLE # # # #" #</Process><Process Name="Calculate Geometry Attributes" ToolSource="c:\program files\arcgis\pro\Resources\ArcToolbox\toolboxes\Data Management Tools.tbx\CalculateGeometryAttributes" Date="20230303" Time="171012">CalculateGeometryAttributes itarare_localidade_p "LATITUDE POINT_Y;LONGITUDE POINT_X" # # GEOGCS["GCS_WGS_1984",DATUM["D_WGS_1984",SPHEROID["WGS_1984",6378137.0,298.257223563]],PRIMEM["Greenwich",0.0],UNIT["Degree",0.0174532925199433]] "Same as input"</Process></lineage></DataProperties></Esri></metadata>
