<?xml version="1.0"?>
<!--<!DOCTYPE metadata SYSTEM "http://www.esri.com/metadata/esriprof80.dtd">-->
<metadata xml:lang="pt"><Esri><CreaDate>20090724</CreaDate><CreaTime>14192100</CreaTime><SyncOnce>FALSE</SyncOnce><MetaID>{3FC7EE13-FE38-4469-B92B-DF7354775456}</MetaID><DataProperties><itemProps><itemName Sync="TRUE">apiai_drenagem_bifilar_a</itemName><imsContentType Sync="TRUE">002</imsContentType><itemSize Sync="TRUE">0.000</itemSize><itemLocation><linkage Sync="TRUE">file://\\DESKTOP-P3BIJE7\D$\CASSIO\CPRM_TRABALHOS\12-Att-1-100000\Geologia e Recursos Minerais da Folha Apiai\Apiai\Hidrografia\apiai_drenagem_bifilar_a.shp</linkage><protocol Sync="TRUE">Local Area Network</protocol></itemLocation></itemProps><coordRef><type Sync="TRUE">Geographic</type><geogcsn Sync="TRUE">GCS_WGS_1984</geogcsn><csUnits Sync="TRUE">Angular Unit: Degree (0.017453)</csUnits><peXml Sync="TRUE">&lt;GeographicCoordinateSystem xsi:type='typens:GeographicCoordinateSystem' xmlns:xsi='http://www.w3.org/2001/XMLSchema-instance' xmlns:xs='http://www.w3.org/2001/XMLSchema' xmlns:typens='http://www.esri.com/schemas/ArcGIS/10.7'&gt;&lt;WKT&gt;GEOGCS[&amp;quot;GCS_WGS_1984&amp;quot;,DATUM[&amp;quot;D_WGS_1984&amp;quot;,SPHEROID[&amp;quot;WGS_1984&amp;quot;,6378137.0,298.257223563]],PRIMEM[&amp;quot;Greenwich&amp;quot;,0.0],UNIT[&amp;quot;Degree&amp;quot;,0.0174532925199433],AUTHORITY[&amp;quot;EPSG&amp;quot;,4326]]&lt;/WKT&gt;&lt;XOrigin&gt;-400&lt;/XOrigin&gt;&lt;YOrigin&gt;-400&lt;/YOrigin&gt;&lt;XYScale&gt;11258999068426.238&lt;/XYScale&gt;&lt;ZOrigin&gt;-100000&lt;/ZOrigin&gt;&lt;ZScale&gt;10000&lt;/ZScale&gt;&lt;MOrigin&gt;-100000&lt;/MOrigin&gt;&lt;MScale&gt;10000&lt;/MScale&gt;&lt;XYTolerance&gt;8.983152841195215e-09&lt;/XYTolerance&gt;&lt;ZTolerance&gt;0.001&lt;/ZTolerance&gt;&lt;MTolerance&gt;0.001&lt;/MTolerance&gt;&lt;HighPrecision&gt;true&lt;/HighPrecision&gt;&lt;LeftLongitude&gt;-180&lt;/LeftLongitude&gt;&lt;WKID&gt;4326&lt;/WKID&gt;&lt;LatestWKID&gt;4326&lt;/LatestWKID&gt;&lt;/GeographicCoordinateSystem&gt;</peXml></coordRef><lineage><Process ToolSource="c:\program files (x86)\arcgis\desktop10.8\ArcToolbox\Toolboxes\Data Management Tools.tbx\Merge" Date="20220804" Time="100727">Merge apiai_bifilar "D:\CASSIO\CPRM_TRABALHOS\12-Att-1-100000\Geologia e Recursos Minerais da Folha Apiai\Apiai\Hidrografia\apiai_drenagem_bifilar_a.shp" "NOME "NOME" true true false 50 Text 0 0 ,First,#,apiai_bifilar,Nome,-1,-1;TIPO "TIPO" true true false 50 Text 0 0 ,First,#,apiai_bifilar,Tipo,-1,-1;BACIA "BACIA" true true false 50 Text 0 0 ,First,#,apiai_bifilar,Bacia,-1,-1;LEGENDA "LEGENDA" true true false 254 Text 0 0 ,First,#,apiai_bifilar,LEGENDA,-1,-1"</Process></lineage></DataProperties><SyncDate>20220804</SyncDate><SyncTime>10072600</SyncTime><ModDate>20220804</ModDate><ModTime>10072600</ModTime></Esri><idinfo><citation><citeinfo><onlink Sync="TRUE">\\PAULO_DIGEOP\D$\DIGEOP\Apiai\PRODUÇÃO\DOWNLOAD\Hidrografia\apiai_bifilar</onlink></citeinfo></citation></idinfo><distInfo><distributor><distorTran><onLineSrc><linkage Sync="TRUE">file://\\PAULO_DIGEOP\D$\DIGEOP\Apiai\PRODUÇÃO\DOWNLOAD\Hidrografia\apiai_bifilar</linkage><protocol Sync="TRUE">Local Area Network</protocol></onLineSrc></distorTran></distributor><distFormat><formatName Sync="TRUE">Shapefile</formatName></distFormat><distTranOps><transSize Sync="TRUE">0.000</transSize></distTranOps></distInfo><dataqual><lineage><procstep><procdesc Sync="TRUE">Dataset copied.</procdesc><srcused Sync="TRUE">D:\DIGEOP\Apiai\PRODUÇÃO\WEB\apiai_bifilar</srcused><procdate Sync="TRUE">20090724</procdate><proctime Sync="TRUE">14192100</proctime></procstep><procstep><procdesc Sync="TRUE">Dataset moved.</procdesc><srcused Sync="TRUE">D:\DIGEOP\Apiai\PRODUÇÃO\DOWNLOAD\apiai_bifilar</srcused><procdate Sync="TRUE">20090724</procdate><proctime Sync="TRUE">14375100</proctime></procstep><procstep><procdesc Sync="TRUE">Dataset moved.</procdesc><srcused Sync="TRUE">D:\DIGEOP\Apiai\PRODUÇÃO\DOWNLOAD\Planimetria\apiai_bifilar</srcused><procdate Sync="TRUE">20090724</procdate><proctime Sync="TRUE">14375900</proctime></procstep></lineage></dataqual><dataIdInfo><envirDesc Sync="TRUE"> Version 6.2 (Build 9200) ; Esri ArcGIS 10.8.0.12790</envirDesc><dataLang><languageCode value="por" Sync="TRUE"></languageCode><countryCode value="BRA" Sync="TRUE"></countryCode></dataLang><idCitation><resTitle Sync="TRUE">apiai_drenagem_bifilar_a</resTitle><presForm><PresFormCd value="005" Sync="TRUE"></PresFormCd></presForm></idCitation><spatRpType><SpatRepTypCd value="001" Sync="TRUE"></SpatRepTypCd></spatRpType></dataIdInfo><mdLang><languageCode value="por" Sync="TRUE"></languageCode><countryCode value="BRA" Sync="TRUE"></countryCode></mdLang><mdHrLv><ScopeCd value="005" Sync="TRUE"></ScopeCd></mdHrLv><mdHrLvName Sync="TRUE">dataset</mdHrLvName><refSysInfo><RefSystem><refSysID><identCode code="4326" Sync="TRUE"></identCode><idCodeSpace Sync="TRUE">EPSG</idCodeSpace><idVersion Sync="TRUE">6.14(3.0.1)</idVersion></refSysID></RefSystem></refSysInfo><spatRepInfo><VectSpatRep><geometObjs Name="apiai_drenagem_bifilar_a"><geoObjTyp><GeoObjTypCd value="002" Sync="TRUE"></GeoObjTypCd></geoObjTyp><geoObjCnt Sync="TRUE">0</geoObjCnt></geometObjs><topLvl><TopoLevCd value="001" Sync="TRUE"></TopoLevCd></topLvl></VectSpatRep></spatRepInfo><spdoinfo><ptvctinf><esriterm Name="apiai_drenagem_bifilar_a"><efeatyp Sync="TRUE">Simple</efeatyp><efeageom code="4" Sync="TRUE"></efeageom><esritopo Sync="TRUE">FALSE</esritopo><efeacnt Sync="TRUE">0</efeacnt><spindex Sync="TRUE">FALSE</spindex><linrefer Sync="TRUE">FALSE</linrefer></esriterm></ptvctinf></spdoinfo><eainfo><detailed Name="apiai_drenagem_bifilar_a"><enttyp><enttypl Sync="TRUE">apiai_drenagem_bifilar_a</enttypl><enttypt Sync="TRUE">Feature Class</enttypt><enttypc Sync="TRUE">0</enttypc></enttyp><attr><attrlabl Sync="TRUE">FID</attrlabl><attalias Sync="TRUE">FID</attalias><attrtype Sync="TRUE">OID</attrtype><attwidth Sync="TRUE">4</attwidth><atprecis Sync="TRUE">0</atprecis><attscale Sync="TRUE">0</attscale><attrdef Sync="TRUE">Internal feature number.</attrdef><attrdefs Sync="TRUE">Esri</attrdefs><attrdomv><udom Sync="TRUE">Sequential unique whole numbers that are automatically generated.</udom></attrdomv></attr><attr><attrlabl Sync="TRUE">Shape</attrlabl><attalias Sync="TRUE">Shape</attalias><attrtype Sync="TRUE">Geometry</attrtype><attwidth Sync="TRUE">0</attwidth><atprecis Sync="TRUE">0</atprecis><attscale Sync="TRUE">0</attscale><attrdef Sync="TRUE">Feature geometry.</attrdef><attrdefs Sync="TRUE">Esri</attrdefs><attrdomv><udom Sync="TRUE">Coordinates defining the features.</udom></attrdomv></attr><attr><attrlabl Sync="TRUE">NOME</attrlabl><attalias Sync="TRUE">NOME</attalias><attrtype Sync="TRUE">String</attrtype><attwidth Sync="TRUE">50</attwidth><atprecis Sync="TRUE">0</atprecis><attscale Sync="TRUE">0</attscale></attr><attr><attrlabl Sync="TRUE">TIPO</attrlabl><attalias Sync="TRUE">TIPO</attalias><attrtype Sync="TRUE">String</attrtype><attwidth Sync="TRUE">50</attwidth><atprecis Sync="TRUE">0</atprecis><attscale Sync="TRUE">0</attscale></attr><attr><attrlabl Sync="TRUE">BACIA</attrlabl><attalias Sync="TRUE">BACIA</attalias><attrtype Sync="TRUE">String</attrtype><attwidth Sync="TRUE">50</attwidth><atprecis Sync="TRUE">0</atprecis><attscale Sync="TRUE">0</attscale></attr><attr><attrlabl Sync="TRUE">LEGENDA</attrlabl><attalias Sync="TRUE">LEGENDA</attalias><attrtype Sync="TRUE">String</attrtype><attwidth Sync="TRUE">254</attwidth><atprecis Sync="TRUE">0</atprecis><attscale Sync="TRUE">0</attscale></attr></detailed></eainfo><mdDateSt Sync="TRUE">20220804</mdDateSt></metadata>
