<?xml version="1.0"?>
<!--<!DOCTYPE metadata SYSTEM "http://www.esri.com/metadata/esriprof80.dtd">-->
<metadata xml:lang="pt"><Esri><CreaDate>20090826</CreaDate><CreaTime>18513100</CreaTime><SyncOnce>TRUE</SyncOnce><DataProperties><lineage><Process ToolSource="C:\Program Files\ArcGIS\ArcToolbox\Toolboxes\Data Management Tools.tbx\DeleteField" Date="20090826" Time="185024">DeleteField Geoquimica_de_rocha CLASSE_AMO;COD_INTERN;NOME_FOLHA;UF;TIPO_AMOST;MATERIAL_C;FONTE_AMOS;SITUACAO_A;GRAU_INTEM;TIPO_VEGET;AREA_DRENA;PLUVIOSIDA;PROF_RIO;LAB;CAMPO Geoquimica_de_rocha</Process></lineage></DataProperties><MetaID>{A36B0A53-83E5-4FAF-A092-1BFDE3DCBF58}</MetaID></Esri><idinfo><citation><citeinfo><onlink Sync="TRUE"></onlink></citeinfo></citation></idinfo><distInfo><distributor><distorTran><onLineSrc><linkage Sync="TRUE">file://</linkage><protocol Sync="TRUE">Local Area Network</protocol></onLineSrc></distorTran></distributor></distInfo><dataqual><lineage><procstep><procdesc Sync="TRUE">Dataset copied.</procdesc><srcused Sync="TRUE"></srcused><procdate Sync="TRUE">20090826</procdate><proctime Sync="TRUE">18513100</proctime></procstep></lineage></dataqual></metadata>
