<?xml version="1.0"?>
<!--<!DOCTYPE metadata SYSTEM "http://www.esri.com/metadata/esriprof80.dtd">-->
<metadata xml:lang="pt"><Esri><CreaDate>20090821</CreaDate><CreaTime>21095500</CreaTime><SyncOnce>TRUE</SyncOnce><DataProperties><lineage><Process ToolSource="C:\Program Files\ArcGIS\ArcToolbox\Toolboxes\Data Management Tools.tbx\DeleteField" Date="20090821" Time="210918">DeleteField Sedimento_de_corrente2 CLASSE_AMO;COD_INTERN;NOME_FOLHA;UF;TIPO_AMOST;MATERIAL_C;FONTE_AMOS;SITUACAO_A;GRAU_INTEM;TIPO_VEGET;AREA_DRENA;PLUVIOSIDA;PROF_RIO;OID_;ID;LAB;CAMPO Sedimento_de_corrente2</Process></lineage></DataProperties><MetaID>{C1289CF7-38D7-4607-B73E-1F756A548FE1}</MetaID></Esri><idinfo><citation><citeinfo><onlink Sync="TRUE"></onlink></citeinfo></citation></idinfo><distInfo><distributor><distorTran><onLineSrc><linkage Sync="TRUE">file://</linkage><protocol Sync="TRUE">Local Area Network</protocol></onLineSrc></distorTran></distributor></distInfo><dataqual><lineage><procstep><procdesc Sync="TRUE">Dataset copied.</procdesc><srcused Sync="TRUE"></srcused><procdate Sync="TRUE">20090821</procdate><proctime Sync="TRUE">21095500</proctime></procstep></lineage></dataqual></metadata>
