<?xml version="1.0" encoding="UTF-8"?>
<metadata xml:lang="pt"><Esri><CreaDate>20131204</CreaDate><CreaTime>15134400</CreaTime><ArcGISFormat>1.0</ArcGISFormat><SyncOnce>TRUE</SyncOnce><DataProperties><lineage><Process ToolSource="c:\program files (x86)\arcgis\desktop10.2\ArcToolbox\Toolboxes\Data Management Tools.tbx\CalculateField" Date="20131204" Time="151344">CalculateField epaulista_estrada LEGENDA [TIPO] VB #</Process><Process ToolSource="c:\program files (x86)\arcgis\desktop10.2\ArcToolbox\Toolboxes\Data Management Tools.tbx\CalculateField" Date="20131204" Time="151413">CalculateField epaulista_estrada LEGENDA "Estrada sem pavimentação" VB #</Process></lineage></DataProperties></Esri></metadata>
