<?xml version="1.0" encoding="UTF-8"?>
<metadata xml:lang="pt"><Esri><CreaDate>20130619</CreaDate><CreaTime>14025000</CreaTime><ArcGISFormat>1.0</ArcGISFormat><SyncOnce>TRUE</SyncOnce><DataProperties><itemProps><itemLocation><linkage Sync="TRUE">file://\\CARMO-ELIZABETH\D\ELDORADO PAULISTA\SIG\Planimetria\epaulista_infra_pt</linkage><protocol Sync="TRUE">Local Area Network</protocol></itemLocation></itemProps><copyHistory><copy source="D:\ELDORADO PAULISTA\SIG\epaulista_infra_pt" dest="\\CARMO-ELIZABETH\D\ELDORADO PAULISTA\SIG\Planimetria\epaulista_infra_pt" date="20130619" time="14025000"></copy></copyHistory><lineage><Process Name="Add Fields (multiple)" ToolSource="c:\program files\arcgis\pro\Resources\ArcToolbox\toolboxes\Data Management Tools.tbx\AddFields" Date="20221110" Time="092814">AddFields epaulista_torre_p "LATITUDE DOUBLE # # # #;LONGITUDE DOUBLE # # # #" #</Process><Process Name="Calculate Geometry Attributes" ToolSource="c:\program files\arcgis\pro\Resources\ArcToolbox\toolboxes\Data Management Tools.tbx\CalculateGeometryAttributes" Date="20221110" Time="092815">CalculateGeometryAttributes epaulista_torre_p "LATITUDE POINT_Y;LONGITUDE POINT_X" # # GEOGCS["GCS_WGS_1984",DATUM["D_WGS_1984",SPHEROID["WGS_1984",6378137.0,298.257223563]],PRIMEM["Greenwich",0.0],UNIT["Degree",0.0174532925199433]] "Same as input"</Process></lineage></DataProperties></Esri></metadata>
