<?xml version="1.0" encoding="UTF-8"?>
<metadata xml:lang="pt"><Esri><CreaDate>20221118</CreaDate><CreaTime>12051100</CreaTime><ArcGISFormat>1.0</ArcGISFormat><SyncOnce>FALSE</SyncOnce><DataProperties><itemProps><itemLocation><linkage Sync="TRUE">file://\\DESKTOP-P3BIJE7\D$\CASSIO\CPRM_TRABALHOS\02_Em_andamento\Guapiara\00_Pasta_projetos\Geocronologia\guapiara_geocronologia1.shp</linkage><protocol Sync="TRUE">Local Area Network</protocol></itemLocation><itemName Sync="TRUE">guapiara_geocronologia1</itemName><imsContentType Sync="TRUE">002</imsContentType><itemSize Sync="TRUE">0.000</itemSize></itemProps><copyHistory><copy source="C:\Users\mauricio.pavan\Documents\ArcGIS\Packages\Layout_Guapiara_100K_20_JUL_2022_210CB383-0E56-41A1-8D2A-5D9245F2D454\commondata\digeob_nov_20211\geocron" dest="\\MAURICIOPAVAN\CPRM\PAT_2022\Guapiara\Layout_Guapiara_100K_04_NOV_2022\commondata\digeob_nov_20211\geocron" date="20221104" time="16525400"></copy></copyHistory><lineage><Process ToolSource="D:\CASSIO\CPRM_TRABALHOS\03_Arquivos_auxiliares\01_Malha_Brasil\Downloads.tbx\Project" Date="20221118" Time="120511">Project guapiara_geocron D:\CASSIO\CPRM_TRABALHOS\02_Em_andamento\Guapiara\00_Pasta_projetos\Geocronologia\guapiara_geocronologia.shp GEOGCS['GCS_SIRGAS_2000',DATUM['D_SIRGAS_2000',SPHEROID['GRS_1980',6378137.0,298.257222101]],PRIMEM['Greenwich',0.0],UNIT['Degree',0.0174532925199433]] SIRGAS_2000_To_WGS_1984_1 GEOGCS['GCS_WGS_1984',DATUM['D_WGS_1984',SPHEROID['WGS_1984',6378137.0,298.257223563]],PRIMEM['Greenwich',0.0],UNIT['Degree',0.0174532925199433]] NO_PRESERVE_SHAPE # NO_VERTICAL</Process><Process Name="Add Fields (multiple)" ToolSource="c:\program files\arcgis\pro\Resources\ArcToolbox\toolboxes\Data Management Tools.tbx\AddFields" Date="20221118" Time="142508">AddFields guapiara_geocronologia "UTM_E LONG # # # #;UTM_N LONG # # # #;ZONA TEXT # 5 # #" #</Process><Process Name="Calculate Geometry Attributes (2)" ToolSource="c:\program files\arcgis\pro\Resources\ArcToolbox\toolboxes\Data Management Tools.tbx\CalculateGeometryAttributes" Date="20221118" Time="142509">CalculateGeometryAttributes guapiara_geocronologia "UTM_N POINT_Y;UTM_E POINT_X" # # PROJCS["SIRGAS_2000_UTM_Zone_22S",GEOGCS["GCS_SIRGAS_2000",DATUM["D_SIRGAS_2000",SPHEROID["GRS_1980",6378137.0,298.257222101]],PRIMEM["Greenwich",0.0],UNIT["Degree",0.0174532925199433]],PROJECTION["Transverse_Mercator"],PARAMETER["False_Easting",500000.0],PARAMETER["False_Northing",10000000.0],PARAMETER["Central_Meridian",-51.0],PARAMETER["Scale_Factor",0.9996],PARAMETER["Latitude_Of_Origin",0.0],UNIT["Meter",1.0]] "Same as input"</Process><Process ToolSource="c:\program files\arcgis\pro\Resources\ArcToolbox\toolboxes\Data Management Tools.tbx\CalculateField" Date="20221118" Time="142524">CalculateField guapiara_geocronologia ZONA "22S" "Python 3" # Text NO_ENFORCE_DOMAINS</Process><Process ToolSource="c:\program files\arcgis\pro\Resources\ArcToolbox\toolboxes\Data Management Tools.tbx\Merge" Date="20221118" Time="142644">Merge guapiara_geocronologia D:\CASSIO\CPRM_TRABALHOS\02_Em_andamento\Guapiara\00_Pasta_projetos\Geocronologia\guapiara_geocronologia1.shp "UNIDADE "UNIDADE" true true false 50 Text 0 0,First,#,guapiara_geocronologia,UNIDADE,0,50;LATITUDE "LATITUDE" true true false 13 Float 0 0,First,#,guapiara_geocronologia,LATITUDE,-1,-1;LONGITUDE "LONGITUDE" true true false 13 Float 0 0,First,#,guapiara_geocronologia,LONGITUDE,-1,-1;UTM_E "UTM_E" true true false 10 Long 0 10,First,#,guapiara_geocronologia,UTM_E,-1,-1;UTM_N "UTM_N" true true false 10 Long 0 10,First,#,guapiara_geocronologia,UTM_N,-1,-1;ZONA "ZONA" true true false 5 Text 0 0,First,#,guapiara_geocronologia,ZONA,0,5;LA_U_PB "LA_U_PB" true true false 5 Long 0 5,First,#,guapiara_geocronologia,LA_U_PB,-1,-1;SHRIMP_UPB "SHRIMP_UPB" true true false 5 Long 0 5,First,#,guapiara_geocronologia,SHRIMP_UPB,-1,-1;TIMS_U_PB "TIMS_U_PB" true true false 5 Long 0 5,First,#,guapiara_geocronologia,TIMS_U_PB,-1,-1;U_TH_PBT "U_TH_PBT" true true false 5 Long 0 5,First,#,guapiara_geocronologia,U_TH_PBT,-1,-1;AMOSTRA "AMOSTRA" true true false 15 Text 0 0,First,#,guapiara_geocronologia,AMOSTRA,0,15;LITO "LITO" true true false 50 Text 0 0,First,#,guapiara_geocronologia,LITO,0,50;REFERENCIA "REFERENCIA" true true false 50 Text 0 0,First,#,guapiara_geocronologia,REFERENCIA,0,50;AR_AR_PHLO "AR_AR_PHLO" true true false 5 Long 0 5,First,#,guapiara_geocronologia,AR_AR_PHLO,-1,-1;AR_AR_BT "AR_AR_BT" true true false 5 Long 0 5,First,#,guapiara_geocronologia,AR_AR_BT,-1,-1" NO_SOURCE_INFO</Process><Process ToolSource="c:\program files\arcgis\pro\Resources\ArcToolbox\toolboxes\Data Management Tools.tbx\Rename" Date="20221118" Time="142711">Rename D:\CASSIO\CPRM_TRABALHOS\02_Em_andamento\Guapiara\00_Pasta_projetos\Geocronologia\guapiara_geocronologia1.shp D:\CASSIO\CPRM_TRABALHOS\02_Em_andamento\Guapiara\00_Pasta_projetos\Geocronologia\guapiara_geocronologia.shp ShapeFile</Process></lineage><coordRef><type Sync="TRUE">Geographic</type><geogcsn Sync="TRUE">GCS_SIRGAS_2000</geogcsn><csUnits Sync="TRUE">Angular Unit: Degree (0.017453)</csUnits><peXml Sync="TRUE">&lt;GeographicCoordinateSystem xsi:type='typens:GeographicCoordinateSystem' xmlns:xsi='http://www.w3.org/2001/XMLSchema-instance' xmlns:xs='http://www.w3.org/2001/XMLSchema' xmlns:typens='http://www.esri.com/schemas/ArcGIS/3.0.0'&gt;&lt;WKT&gt;GEOGCS[&amp;quot;GCS_SIRGAS_2000&amp;quot;,DATUM[&amp;quot;D_SIRGAS_2000&amp;quot;,SPHEROID[&amp;quot;GRS_1980&amp;quot;,6378137.0,298.257222101]],PRIMEM[&amp;quot;Greenwich&amp;quot;,0.0],UNIT[&amp;quot;Degree&amp;quot;,0.0174532925199433],AUTHORITY[&amp;quot;EPSG&amp;quot;,4674]]&lt;/WKT&gt;&lt;XOrigin&gt;-400&lt;/XOrigin&gt;&lt;YOrigin&gt;-400&lt;/YOrigin&gt;&lt;XYScale&gt;11258999068426.238&lt;/XYScale&gt;&lt;ZOrigin&gt;-100000&lt;/ZOrigin&gt;&lt;ZScale&gt;10000&lt;/ZScale&gt;&lt;MOrigin&gt;-100000&lt;/MOrigin&gt;&lt;MScale&gt;10000&lt;/MScale&gt;&lt;XYTolerance&gt;8.983152841195215e-09&lt;/XYTolerance&gt;&lt;ZTolerance&gt;0.001&lt;/ZTolerance&gt;&lt;MTolerance&gt;0.001&lt;/MTolerance&gt;&lt;HighPrecision&gt;true&lt;/HighPrecision&gt;&lt;LeftLongitude&gt;-180&lt;/LeftLongitude&gt;&lt;WKID&gt;4674&lt;/WKID&gt;&lt;LatestWKID&gt;4674&lt;/LatestWKID&gt;&lt;/GeographicCoordinateSystem&gt;</peXml></coordRef></DataProperties><SyncDate>20221118</SyncDate><SyncTime>14264400</SyncTime><ModDate>20221118</ModDate><ModTime>14264400</ModTime></Esri><dataIdInfo><envirDesc Sync="TRUE">Microsoft Windows 10 Version 10.0 (Build 19044) ; Esri ArcGIS 13.0.0.36056</envirDesc><dataLang><languageCode value="por" Sync="TRUE"></languageCode><countryCode value="BRA" Sync="TRUE"></countryCode></dataLang><idCitation><resTitle Sync="TRUE">guapiara_geocronologia1</resTitle><presForm><PresFormCd value="005" Sync="TRUE"></PresFormCd></presForm></idCitation><spatRpType><SpatRepTypCd value="001" Sync="TRUE"></SpatRepTypCd></spatRpType></dataIdInfo><mdLang><languageCode value="por" Sync="TRUE"></languageCode><countryCode value="BRA" Sync="TRUE"></countryCode></mdLang><mdChar><CharSetCd value="004" Sync="TRUE"></CharSetCd></mdChar><distInfo><distFormat><formatName Sync="TRUE">Shapefile</formatName></distFormat><distTranOps><transSize Sync="TRUE">0.000</transSize></distTranOps></distInfo><mdHrLv><ScopeCd value="005" Sync="TRUE"></ScopeCd></mdHrLv><mdHrLvName Sync="TRUE">dataset</mdHrLvName><refSysInfo><RefSystem><refSysID><identCode code="4674" Sync="TRUE"></identCode><idCodeSpace Sync="TRUE">EPSG</idCodeSpace><idVersion Sync="TRUE">6.11(9.2.0)</idVersion></refSysID></RefSystem></refSysInfo><spatRepInfo><VectSpatRep><geometObjs Name="guapiara_geocronologia1"><geoObjTyp><GeoObjTypCd value="004" Sync="TRUE"></GeoObjTypCd></geoObjTyp><geoObjCnt Sync="TRUE">0</geoObjCnt></geometObjs><topLvl><TopoLevCd value="001" Sync="TRUE"></TopoLevCd></topLvl></VectSpatRep></spatRepInfo><spdoinfo><ptvctinf><esriterm Name="guapiara_geocronologia1"><efeatyp Sync="TRUE">Simple</efeatyp><efeageom code="1" Sync="TRUE"></efeageom><esritopo Sync="TRUE">FALSE</esritopo><efeacnt Sync="TRUE">0</efeacnt><spindex Sync="TRUE">FALSE</spindex><linrefer Sync="TRUE">FALSE</linrefer></esriterm></ptvctinf></spdoinfo><eainfo><detailed Name="guapiara_geocronologia1"><enttyp><enttypl Sync="TRUE">guapiara_geocronologia1</enttypl><enttypt Sync="TRUE">Feature Class</enttypt><enttypc Sync="TRUE">0</enttypc></enttyp><attr><attrlabl Sync="TRUE">FID</attrlabl><attalias Sync="TRUE">FID</attalias><attrtype Sync="TRUE">OID</attrtype><attwidth Sync="TRUE">4</attwidth><atprecis Sync="TRUE">0</atprecis><attscale Sync="TRUE">0</attscale><attrdef Sync="TRUE">Internal feature number.</attrdef><attrdefs Sync="TRUE">Esri</attrdefs><attrdomv><udom Sync="TRUE">Sequential unique whole numbers that are automatically generated.</udom></attrdomv></attr><attr><attrlabl Sync="TRUE">Shape</attrlabl><attalias Sync="TRUE">Shape</attalias><attrtype Sync="TRUE">Geometry</attrtype><attwidth Sync="TRUE">0</attwidth><atprecis Sync="TRUE">0</atprecis><attscale Sync="TRUE">0</attscale><attrdef Sync="TRUE">Feature geometry.</attrdef><attrdefs Sync="TRUE">Esri</attrdefs><attrdomv><udom Sync="TRUE">Coordinates defining the features.</udom></attrdomv></attr><attr><attrlabl Sync="TRUE">UNIDADE</attrlabl><attalias Sync="TRUE">UNIDADE</attalias><attrtype Sync="TRUE">String</attrtype><attwidth Sync="TRUE">50</attwidth><atprecis Sync="TRUE">0</atprecis><attscale Sync="TRUE">0</attscale></attr><attr><attrlabl Sync="TRUE">LATITUDE</attrlabl><attalias Sync="TRUE">LATITUDE</attalias><attrtype Sync="TRUE">Single</attrtype><attwidth Sync="TRUE">13</attwidth><atprecis Sync="TRUE">0</atprecis><attscale Sync="TRUE">0</attscale></attr><attr><attrlabl Sync="TRUE">LONGITUDE</attrlabl><attalias Sync="TRUE">LONGITUDE</attalias><attrtype Sync="TRUE">Single</attrtype><attwidth Sync="TRUE">13</attwidth><atprecis Sync="TRUE">0</atprecis><attscale Sync="TRUE">0</attscale></attr><attr><attrlabl Sync="TRUE">UTM_E</attrlabl><attalias Sync="TRUE">UTM_E</attalias><attrtype Sync="TRUE">Integer</attrtype><attwidth Sync="TRUE">10</attwidth><atprecis Sync="TRUE">10</atprecis><attscale Sync="TRUE">0</attscale></attr><attr><attrlabl Sync="TRUE">UTM_N</attrlabl><attalias Sync="TRUE">UTM_N</attalias><attrtype Sync="TRUE">Integer</attrtype><attwidth Sync="TRUE">10</attwidth><atprecis Sync="TRUE">10</atprecis><attscale Sync="TRUE">0</attscale></attr><attr><attrlabl Sync="TRUE">ZONA</attrlabl><attalias Sync="TRUE">ZONA</attalias><attrtype Sync="TRUE">String</attrtype><attwidth Sync="TRUE">5</attwidth><atprecis Sync="TRUE">0</atprecis><attscale Sync="TRUE">0</attscale></attr><attr><attrlabl Sync="TRUE">LA_U_PB</attrlabl><attalias Sync="TRUE">LA_U_PB</attalias><attrtype Sync="TRUE">Integer</attrtype><attwidth Sync="TRUE">5</attwidth><atprecis Sync="TRUE">5</atprecis><attscale Sync="TRUE">0</attscale></attr><attr><attrlabl Sync="TRUE">SHRIMP_UPB</attrlabl><attalias Sync="TRUE">SHRIMP_UPB</attalias><attrtype Sync="TRUE">Integer</attrtype><attwidth Sync="TRUE">5</attwidth><atprecis Sync="TRUE">5</atprecis><attscale Sync="TRUE">0</attscale></attr><attr><attrlabl Sync="TRUE">TIMS_U_PB</attrlabl><attalias Sync="TRUE">TIMS_U_PB</attalias><attrtype Sync="TRUE">Integer</attrtype><attwidth Sync="TRUE">5</attwidth><atprecis Sync="TRUE">5</atprecis><attscale Sync="TRUE">0</attscale></attr><attr><attrlabl Sync="TRUE">U_TH_PBT</attrlabl><attalias Sync="TRUE">U_TH_PBT</attalias><attrtype Sync="TRUE">Integer</attrtype><attwidth Sync="TRUE">5</attwidth><atprecis Sync="TRUE">5</atprecis><attscale Sync="TRUE">0</attscale></attr><attr><attrlabl Sync="TRUE">AMOSTRA</attrlabl><attalias Sync="TRUE">AMOSTRA</attalias><attrtype Sync="TRUE">String</attrtype><attwidth Sync="TRUE">15</attwidth><atprecis Sync="TRUE">0</atprecis><attscale Sync="TRUE">0</attscale></attr><attr><attrlabl Sync="TRUE">LITO</attrlabl><attalias Sync="TRUE">LITO</attalias><attrtype Sync="TRUE">String</attrtype><attwidth Sync="TRUE">50</attwidth><atprecis Sync="TRUE">0</atprecis><attscale Sync="TRUE">0</attscale></attr><attr><attrlabl Sync="TRUE">REFERENCIA</attrlabl><attalias Sync="TRUE">REFERENCIA</attalias><attrtype Sync="TRUE">String</attrtype><attwidth Sync="TRUE">50</attwidth><atprecis Sync="TRUE">0</atprecis><attscale Sync="TRUE">0</attscale></attr><attr><attrlabl Sync="TRUE">AR_AR_PHLO</attrlabl><attalias Sync="TRUE">AR_AR_PHLO</attalias><attrtype Sync="TRUE">Integer</attrtype><attwidth Sync="TRUE">5</attwidth><atprecis Sync="TRUE">5</atprecis><attscale Sync="TRUE">0</attscale></attr><attr><attrlabl Sync="TRUE">AR_AR_BT</attrlabl><attalias Sync="TRUE">AR_AR_BT</attalias><attrtype Sync="TRUE">Integer</attrtype><attwidth Sync="TRUE">5</attwidth><atprecis Sync="TRUE">5</atprecis><attscale Sync="TRUE">0</attscale></attr></detailed></eainfo><mdDateSt Sync="TRUE">20221118</mdDateSt></metadata>
