<?xml version="1.0"?>
<!--<!DOCTYPE metadata SYSTEM "http://www.esri.com/metadata/esriprof80.dtd">-->
<metadata xml:lang="pt"><Esri><CreaDate>20090724</CreaDate><CreaTime>14192100</CreaTime><SyncOnce>FALSE</SyncOnce><SyncDate>20090604</SyncDate><SyncTime>11581900</SyncTime><ModDate>20090604</ModDate><ModTime>11581900</ModTime><DataProperties><lineage><Process Name="FeatureClassToFeatureClass_2" ToolSource="C:\Arquivos de programas\ArcGIS\ArcToolbox\Toolboxes\Conversion Tools.tbx\FeatureClassToFeatureClass" Date="20070215" Time="170032">FeatureClassToFeatureClass E:\Apiai_100_9\Trabalho\Apiai.mdb\Apiai\estrutural E:\Apiai_100_9\Geologia Falhas.shp # "ENTITY ENTITY true false false 14 Text 0 0 ,First,#,E:\Apiai_100_9\Trabalho\Apiai.mdb\Apiai\estrutural,ENTITY,-1,-1;TIPO TIPO true false false 254 Text 0 0 ,First,#,E:\Apiai_100_9\Trabalho\Apiai.mdb\Apiai\estrutural,TIPO,-1,-1;NMESTRUTUR NMESTRUTUR true false false 250 Text 0 0 ,First,#,E:\Apiai_100_9\Trabalho\Apiai.mdb\Apiai\estrutural,NMESTRUTUR,-1,-1;SENTIDO_DE SENTIDO_DE true false false 100 Text 0 0 ,First,#,E:\Apiai_100_9\Trabalho\Apiai.mdb\Apiai\estrutural,SENTIDO_DE,-1,-1;ANG_NORTE ANG_NORTE true false false 4 Long 0 0 ,First,#,E:\Apiai_100_9\Trabalho\Apiai.mdb\Apiai\estrutural,ANG_NORTE,-1,-1;MERGULHO MERGULHO true false false 2 Short 0 0 ,First,#,E:\Apiai_100_9\Trabalho\Apiai.mdb\Apiai\estrutural,MERGULHO,-1,-1;RUMO RUMO true false false 10 Text 0 0 ,First,#,E:\Apiai_100_9\Trabalho\Apiai.mdb\Apiai\estrutural,RUMO,-1,-1;DESLOC DESLOC true false false 10 Text 0 0 ,First,#,E:\Apiai_100_9\Trabalho\Apiai.mdb\Apiai\estrutural,DESLOC,-1,-1;IDADE_DESL IDADE_DESL true false false 4 Long 0 0 ,First,#,E:\Apiai_100_9\Trabalho\Apiai.mdb\Apiai\estrutural,IDADE_DESL,-1,-1;ORIGEM ORIGEM true false false 50 Text 0 0 ,First,#,E:\Apiai_100_9\Trabalho\Apiai.mdb\Apiai\estrutural,ORIGEM,-1,-1;REGIME_TEC REGIME_TEC true false false 50 Text 0 0 ,First,#,E:\Apiai_100_9\Trabalho\Apiai.mdb\Apiai\estrutural,REGIME_TEC,-1,-1;EVENTO_ORO EVENTO_ORO true false false 200 Text 0 0 ,First,#,E:\Apiai_100_9\Trabalho\Apiai.mdb\Apiai\estrutural,EVENTO_ORO,-1,-1;SHAPE_Leng SHAPE_Length false true true 8 Double 0 0 ,First,#,E:\Apiai_100_9\Trabalho\Apiai.mdb\Apiai\estrutural,SHAPE_Length,-1,-1" # E:\Apiai_100_9\Geologia\Falhas.shp</Process><Process Name="Clip_4" ToolSource="C:\Arquivos de programas\ArcGIS\ArcToolbox\Toolboxes\Analysis Tools.tbx\Clip" Date="20090604" Time="115820">Clip Estruturas(7) Limite_Folha_Apiaí C:\Apiai_100_9\Estrutural\liestclip.shp #</Process></lineage></DataProperties><MetaID>{7DF1F79F-88B5-464E-8398-853E48BCF3CF}</MetaID></Esri><idinfo><native Sync="TRUE">Microsoft Windows XP Version 5.1 (Build 2600) Service Pack 2; ESRI ArcCatalog 9.2.0.1324</native><descript><langdata Sync="TRUE">pt</langdata><abstract>REQUIRED: A brief narrative summary of the data set.</abstract><purpose>REQUIRED: A summary of the intentions with which the data set was developed.</purpose></descript><citation><citeinfo><origin>REQUIRED: The name of an organization or individual that developed the data set.</origin><pubdate>REQUIRED: The date when the data set is published or otherwise made available for release.</pubdate><title Sync="TRUE">liestclip</title><ftname Sync="TRUE">liestclip</ftname><geoform Sync="TRUE">vector digital data</geoform><onlink Sync="TRUE">\\PAULO_DIGEOP\D$\DIGEOP\Apiai\PRODUÇÃO\DOWNLOAD\Estrutural\apiai_estrut</onlink></citeinfo></citation><timeperd><current>REQUIRED: The basis on which the time period of content information is determined.</current><timeinfo><sngdate><caldate>REQUIRED: The year (and optionally month, or month and day) for which the data set corresponds to the ground.</caldate></sngdate></timeinfo></timeperd><status><progress>REQUIRED: The state of the data set.</progress><update>REQUIRED: The frequency with which changes and additions are made to the data set after the initial data set is completed.</update></status><spdom><bounding><westbc Sync="TRUE">REQUIRED: Western-most coordinate of the limit of coverage expressed in longitude.</westbc><eastbc Sync="TRUE">REQUIRED: Eastern-most coordinate of the limit of coverage expressed in longitude.</eastbc><northbc Sync="TRUE">REQUIRED: Northern-most coordinate of the limit of coverage expressed in latitude.</northbc><southbc Sync="TRUE">REQUIRED: Southern-most coordinate of the limit of coverage expressed in latitude.</southbc></bounding></spdom><keywords><theme><themekt>REQUIRED: Reference to a formally registered thesaurus or a similar authoritative source of theme keywords.</themekt><themekey>REQUIRED: Common-use word or phrase used to describe the subject of the data set.</themekey></theme></keywords><accconst>REQUIRED: Restrictions and legal prerequisites for accessing the data set.</accconst><useconst>REQUIRED: Restrictions and legal prerequisites for using the data set after access is granted.</useconst><natvform Sync="TRUE">Shapefile</natvform></idinfo><dataIdInfo><envirDesc Sync="TRUE">Microsoft Windows XP Version 5.1 (Build 2600) Service Pack 2; ESRI ArcCatalog 9.2.0.1324</envirDesc><dataLang><languageCode Sync="TRUE" value="pt"></languageCode></dataLang><idCitation><resTitle Sync="TRUE">liestclip</resTitle><presForm><PresFormCd Sync="TRUE" value="005"></PresFormCd></presForm></idCitation><spatRpType><SpatRepTypCd Sync="TRUE" value="001"></SpatRepTypCd></spatRpType></dataIdInfo><metainfo><langmeta Sync="TRUE">pt</langmeta><metstdn Sync="TRUE">FGDC Content Standards for Digital Geospatial Metadata</metstdn><metstdv Sync="TRUE">FGDC-STD-001-1998</metstdv><mettc Sync="TRUE">local time</mettc><metc><cntinfo><cntorgp><cntper>REQUIRED: The person responsible for the metadata information.</cntper><cntorg>REQUIRED: The organization responsible for the metadata information.</cntorg></cntorgp><cntaddr><addrtype>REQUIRED: The mailing and/or physical address for the organization or individual.</addrtype><city>REQUIRED: The city of the address.</city><state>REQUIRED: The state or province of the address.</state><postal>REQUIRED: The ZIP or other postal code of the address.</postal></cntaddr><cntvoice>REQUIRED: The telephone number by which individuals can speak to the organization or individual.</cntvoice></cntinfo></metc><metd Sync="TRUE">20090604</metd><metextns><onlink Sync="TRUE">http://www.esri.com/metadata/esriprof80.html</onlink><metprof Sync="TRUE">ESRI Metadata Profile</metprof></metextns></metainfo><mdLang><languageCode Sync="TRUE" value="pt"></languageCode></mdLang><mdStanName Sync="TRUE">ISO 19115 Geographic Information - Metadata</mdStanName><mdStanVer Sync="TRUE">DIS_ESRI1.0</mdStanVer><mdChar><CharSetCd Sync="TRUE" value="004"></CharSetCd></mdChar><mdHrLv><ScopeCd Sync="TRUE" value="005"></ScopeCd></mdHrLv><mdHrLvName Sync="TRUE">dataset</mdHrLvName><distinfo><resdesc Sync="TRUE">Downloadable Data</resdesc><stdorder><digform><digtinfo><transize Sync="TRUE">0,000</transize><dssize Sync="TRUE">0,000</dssize></digtinfo></digform></stdorder></distinfo><distInfo><distributor><distorTran><onLineSrc><orDesc Sync="TRUE">002</orDesc><linkage Sync="TRUE">file://\\PAULO_DIGEOP\D$\DIGEOP\Apiai\PRODUÇÃO\DOWNLOAD\Estrutural\apiai_estrut</linkage><protocol Sync="TRUE">Local Area Network</protocol></onLineSrc><transSize Sync="TRUE">0,000</transSize></distorTran><distorFormat><formatName Sync="TRUE">Shapefile</formatName></distorFormat></distributor></distInfo><spdoinfo><direct Sync="TRUE">Vector</direct><ptvctinf><esriterm Name="liestclip"><efeatyp Sync="TRUE">Simple</efeatyp><efeageom Sync="TRUE">Polyline</efeageom><esritopo Sync="TRUE">FALSE</esritopo><efeacnt Sync="TRUE">0</efeacnt><spindex Sync="TRUE">FALSE</spindex><linrefer Sync="TRUE">FALSE</linrefer></esriterm><sdtsterm Name="liestclip"><sdtstype Sync="TRUE">String</sdtstype><ptvctcnt Sync="TRUE">0</ptvctcnt></sdtsterm></ptvctinf></spdoinfo><spref><horizsys><cordsysn><geogcsn Sync="TRUE">GCS_WGS_1984</geogcsn><projcsn Sync="TRUE">WGS_1984_UTM_Zone_22S</projcsn></cordsysn><planar><planci><plance Sync="TRUE">coordinate pair</plance><plandu Sync="TRUE">meters</plandu><coordrep><absres Sync="TRUE">0.000000</absres><ordres Sync="TRUE">0.000000</ordres></coordrep></planci><gridsys><gridsysn Sync="TRUE">Universal Transverse Mercator</gridsysn><utm><utmzone Sync="TRUE">-22</utmzone><transmer><sfctrmer Sync="TRUE">0.999600</sfctrmer><longcm Sync="TRUE">-51.000000</longcm><latprjo Sync="TRUE">0.000000</latprjo><feast Sync="TRUE">500000.000000</feast><fnorth Sync="TRUE">10000000.000000</fnorth></transmer></utm></gridsys></planar><geodetic><horizdn Sync="TRUE">D_WGS_1984</horizdn><ellips Sync="TRUE">WGS_1984</ellips><semiaxis Sync="TRUE">6378137.000000</semiaxis><denflat Sync="TRUE">298.257224</denflat></geodetic></horizsys></spref><refSysInfo><RefSystem><refSysID><identCode Sync="TRUE">WGS_1984_UTM_Zone_22S</identCode></refSysID></RefSystem></refSysInfo><spatRepInfo><VectSpatRep><topLvl><TopoLevCd Sync="TRUE" value="001"></TopoLevCd></topLvl><geometObjs Name="liestclip"><geoObjTyp><GeoObjTypCd Sync="TRUE" value="001"></GeoObjTypCd></geoObjTyp><geoObjCnt Sync="TRUE">0</geoObjCnt></geometObjs></VectSpatRep></spatRepInfo><eainfo><detailed Name="liestclip"><enttyp><enttypl Sync="TRUE">liestclip</enttypl><enttypt Sync="TRUE">Feature Class</enttypt><enttypc Sync="TRUE">0</enttypc></enttyp><attr><attrlabl Sync="TRUE">FID</attrlabl><attalias Sync="TRUE">FID</attalias><attrtype Sync="TRUE">OID</attrtype><attwidth Sync="TRUE">4</attwidth><atprecis Sync="TRUE">0</atprecis><attscale Sync="TRUE">0</attscale><attrdef Sync="TRUE">Internal feature number.</attrdef><attrdefs Sync="TRUE">ESRI</attrdefs><attrdomv><udom Sync="TRUE">Sequential unique whole numbers that are automatically generated.</udom></attrdomv></attr><attr><attrlabl Sync="TRUE">Shape</attrlabl><attalias Sync="TRUE">Shape</attalias><attrtype Sync="TRUE">Geometry</attrtype><attwidth Sync="TRUE">0</attwidth><atprecis Sync="TRUE">0</atprecis><attscale Sync="TRUE">0</attscale><attrdef Sync="TRUE">Feature geometry.</attrdef><attrdefs Sync="TRUE">ESRI</attrdefs><attrdomv><udom Sync="TRUE">Coordinates defining the features.</udom></attrdomv></attr><attr><attrlabl Sync="TRUE">ENTITY</attrlabl><attalias Sync="TRUE">ENTITY</attalias><attrtype Sync="TRUE">String</attrtype><attwidth Sync="TRUE">14</attwidth></attr><attr><attrlabl Sync="TRUE">NMESTRUTUR</attrlabl><attalias Sync="TRUE">NMESTRUTUR</attalias><attrtype Sync="TRUE">Number</attrtype><attwidth Sync="TRUE">4</attwidth></attr><attr><attrlabl Sync="TRUE">ANG_NORTE</attrlabl><attalias Sync="TRUE">ANG_NORTE</attalias><attrtype Sync="TRUE">String</attrtype><attwidth Sync="TRUE">250</attwidth></attr><attr><attrlabl Sync="TRUE">MERGULHO</attrlabl><attalias Sync="TRUE">MERGULHO</attalias><attrtype Sync="TRUE">String</attrtype><attwidth Sync="TRUE">250</attwidth></attr><attr><attrlabl Sync="TRUE">COD_TIPO_E</attrlabl><attalias Sync="TRUE">COD_TIPO_E</attalias><attrtype Sync="TRUE">Number</attrtype><attwidth Sync="TRUE">4</attwidth></attr><attr><attrlabl Sync="TRUE">TIPO_ESTRU</attrlabl><attalias Sync="TRUE">TIPO_ESTRU</attalias><attrtype Sync="TRUE">Number</attrtype><attwidth Sync="TRUE">4</attwidth></attr><attr><attrlabl Sync="TRUE">SENTIDO_ME</attrlabl><attalias Sync="TRUE">SENTIDO_ME</attalias><attrtype Sync="TRUE">String</attrtype><attwidth Sync="TRUE">10</attwidth></attr><attr><attrlabl Sync="TRUE">CAIMENTO</attrlabl><attalias Sync="TRUE">CAIMENTO</attalias><attrtype Sync="TRUE">Number</attrtype><attwidth Sync="TRUE">4</attwidth></attr><attr><attrlabl Sync="TRUE">SENTIDO_CA</attrlabl><attalias Sync="TRUE">SENTIDO_CA</attalias><attrtype Sync="TRUE">String</attrtype><attwidth Sync="TRUE">10</attwidth></attr><attr><attrlabl Sync="TRUE">DESLOCAMEN</attrlabl><attalias Sync="TRUE">DESLOCAMEN</attalias><attrtype Sync="TRUE">Number</attrtype><attwidth Sync="TRUE">9</attwidth></attr><attr><attrlabl Sync="TRUE">IDADE</attrlabl><attalias Sync="TRUE">IDADE</attalias><attrtype Sync="TRUE">String</attrtype><attwidth Sync="TRUE">50</attwidth></attr><attr><attrlabl Sync="TRUE">COD_REGIME</attrlabl><attalias Sync="TRUE">COD_REGIME</attalias><attrtype Sync="TRUE">Number</attrtype><attwidth Sync="TRUE">4</attwidth></attr><attr><attrlabl Sync="TRUE">COD_TRANSP</attrlabl><attalias Sync="TRUE">COD_TRANSP</attalias><attrtype Sync="TRUE">Number</attrtype><attwidth Sync="TRUE">4</attwidth></attr></detailed></eainfo><mdDateSt Sync="TRUE">20090604</mdDateSt><dataqual><lineage><procstep><procdesc Sync="TRUE">Dataset copied.</procdesc><srcused Sync="TRUE"></srcused><date Sync="TRUE">20071017</date><time Sync="TRUE">13551000</time></procstep><procstep><procdesc Sync="TRUE">Dataset copied.</procdesc><srcused Sync="TRUE"></srcused><date Sync="TRUE">20081021</date><time Sync="TRUE">09380500</time></procstep><procstep><procdesc Sync="TRUE">Dataset copied.</procdesc><srcused Sync="TRUE"></srcused><date Sync="TRUE">20090604</date><time Sync="TRUE">11590200</time></procstep><procstep><procdesc Sync="TRUE">Dataset copied.</procdesc><srcused Sync="TRUE"></srcused><procdate Sync="TRUE">20090724</procdate><proctime Sync="TRUE">09413800</proctime></procstep><procstep><procdesc Sync="TRUE">Dataset copied.</procdesc><srcused Sync="TRUE">D:\DIGEOP\Apiai\PRODUÇÃO\WEB\apiai_estrut</srcused><procdate Sync="TRUE">20090724</procdate><proctime Sync="TRUE">14192100</proctime></procstep><procstep><procdesc Sync="TRUE">Dataset moved.</procdesc><srcused Sync="TRUE">D:\DIGEOP\Apiai\PRODUÇÃO\DOWNLOAD\apiai_estrut</srcused><procdate Sync="TRUE">20090724</procdate><proctime Sync="TRUE">14381500</proctime></procstep></lineage></dataqual></metadata>
