<?xml version="1.0" encoding="UTF-8"?>
<metadata xml:lang="pt"><Esri><CreaDate>20231212</CreaDate><CreaTime>10150900</CreaTime><ArcGISFormat>1.0</ArcGISFormat><SyncOnce>TRUE</SyncOnce><DataProperties><lineage><Process ToolSource="c:\program files (x86)\arcgis\desktop10.8\ArcToolbox\Toolboxes\Data Management Tools.tbx\CalculateField" Date="20231212" Time="101448">CalculateField SG22XBIII_hd_area TIPO "Drenagem Bifilar" VB #</Process></lineage><itemProps><itemLocation><linkage Sync="TRUE">file://\\DESKTOP-P3BIJE7\D$\CASSIO\CPRM_TRABALHOS\02_Em_andamento\00_Capao_Bonito\00_Pasta_projetos\Hidrografia\SG22XBIII_hd_area</linkage><protocol Sync="TRUE">Local Area Network</protocol></itemLocation></itemProps><copyHistory><copy source="D:\CASSIO\CPRM_TRABALHOS\02_Em_andamento\00_Capao_Bonito\Hidrografia\SG22XBIII_hd_area" dest="\\DESKTOP-P3BIJE7\D$\CASSIO\CPRM_TRABALHOS\02_Em_andamento\00_Capao_Bonito\00_Pasta_projetos\Hidrografia\SG22XBIII_hd_area" date="20231212" time="10150900"></copy></copyHistory></DataProperties></Esri></metadata>
