<?xml version="1.0" encoding="UTF-8"?>
<metadata xml:lang="pt"><Esri><CreaDate>20191021</CreaDate><CreaTime>14072100</CreaTime><ArcGISFormat>1.0</ArcGISFormat><SyncOnce>FALSE</SyncOnce><DataProperties><itemProps><itemName Sync="TRUE">cerro_azul_medida_estrutural_outros_projetos1</itemName><imsContentType Sync="TRUE">002</imsContentType><itemLocation><linkage Sync="TRUE">file://\\DESKTOP-P3BIJE7\D$\CASSIO\CPRM_TRABALHOS\12-Att-1-100000\Metalogenia das Provincias Minerais do Brasil - Rochas Alcalinas Areas de Registro, Iguape e Cerro Azul\Cerro Azul\Estrutura\cerro_azul_medida_estrutural_outros_projetos1.shp</linkage><protocol Sync="TRUE">Local Area Network</protocol></itemLocation><itemSize Sync="TRUE">0.000</itemSize></itemProps><coordRef><type Sync="TRUE">Geographic</type><geogcsn Sync="TRUE">GCS_SIRGAS_2000</geogcsn><csUnits Sync="TRUE">Angular Unit: Degree (0.017453)</csUnits><peXml Sync="TRUE">&lt;GeographicCoordinateSystem xsi:type='typens:GeographicCoordinateSystem' xmlns:xsi='http://www.w3.org/2001/XMLSchema-instance' xmlns:xs='http://www.w3.org/2001/XMLSchema' xmlns:typens='http://www.esri.com/schemas/ArcGIS/10.7'&gt;&lt;WKT&gt;GEOGCS[&amp;quot;GCS_SIRGAS_2000&amp;quot;,DATUM[&amp;quot;D_SIRGAS_2000&amp;quot;,SPHEROID[&amp;quot;GRS_1980&amp;quot;,6378137.0,298.257222101]],PRIMEM[&amp;quot;Greenwich&amp;quot;,0.0],UNIT[&amp;quot;Degree&amp;quot;,0.0174532925199433],AUTHORITY[&amp;quot;EPSG&amp;quot;,4674]]&lt;/WKT&gt;&lt;XOrigin&gt;-400&lt;/XOrigin&gt;&lt;YOrigin&gt;-400&lt;/YOrigin&gt;&lt;XYScale&gt;11258999068426.238&lt;/XYScale&gt;&lt;ZOrigin&gt;-100000&lt;/ZOrigin&gt;&lt;ZScale&gt;10000&lt;/ZScale&gt;&lt;MOrigin&gt;-100000&lt;/MOrigin&gt;&lt;MScale&gt;10000&lt;/MScale&gt;&lt;XYTolerance&gt;8.9831528411952133e-09&lt;/XYTolerance&gt;&lt;ZTolerance&gt;0.001&lt;/ZTolerance&gt;&lt;MTolerance&gt;0.001&lt;/MTolerance&gt;&lt;HighPrecision&gt;true&lt;/HighPrecision&gt;&lt;LeftLongitude&gt;-180&lt;/LeftLongitude&gt;&lt;WKID&gt;4674&lt;/WKID&gt;&lt;LatestWKID&gt;4674&lt;/LatestWKID&gt;&lt;/GeographicCoordinateSystem&gt;</peXml></coordRef><lineage><Process ToolSource="c:\program files (x86)\arcgis\desktop10.6\ArcToolbox\Toolboxes\Data Management Tools.tbx\Merge" Date="20191021" Time="120349">Merge Cerro_Azul_lineacao_MPMB;Cerro_Azul_foliacao_MPMB d:\Users\elias.bernard\Documents\ArcGIS\Default.gdb\Cerro_Azul_lineacao_MPMB_Mer "NUM_CAMPO "NUM_CAMPO" true true false 254 Text 0 0 ,First,#,Cerro_Azul_lineacao_MPMB,NUM_CAMPO,-1,-1,Cerro_Azul_foliacao_MPMB,NUM_CAMPO,-1,-1;ESTRUTURA "ESTRUTURA" true true false 254 Text 0 0 ,First,#,Cerro_Azul_lineacao_MPMB,NOME,-1,-1,Cerro_Azul_foliacao_MPMB,NOME,-1,-1;LONGITUDE "LONGITUDE" true true false 19 Double 0 0 ,First,#,Cerro_Azul_lineacao_MPMB,LONGITUDE,-1,-1,Cerro_Azul_foliacao_MPMB,LONGITUDE,-1,-1;LATITUDE "LATITUDE" true true false 19 Double 0 0 ,First,#,Cerro_Azul_lineacao_MPMB,LATITUDE,-1,-1,Cerro_Azul_foliacao_MPMB,LATITUDE,-1,-1;UTM_E "UTM_E" true true false 19 Double 0 0 ,First,#,Cerro_Azul_lineacao_MPMB,UTM_E,-1,-1,Cerro_Azul_foliacao_MPMB,UTM_E,-1,-1;UTM_N "UTM_N" true true false 19 Double 0 0 ,First,#,Cerro_Azul_lineacao_MPMB,UTM_N,-1,-1,Cerro_Azul_foliacao_MPMB,UTM_N,-1,-1;PROJETO "PROJETO" true true false 254 Text 0 0 ,First,#,Cerro_Azul_lineacao_MPMB,PROJETO,-1,-1,Cerro_Azul_foliacao_MPMB,PROJETO,-1,-1;MC "MC" true true false 19 Double 0 0 ,First,#,Cerro_Azul_lineacao_MPMB,MC,-1,-1,Cerro_Azul_foliacao_MPMB,MC,-1,-1;SIGLA_UNID "SIGLA_UNID" true true false 254 Text 0 0 ,First,#,Cerro_Azul_lineacao_MPMB,SIGLA_UNID,-1,-1,Cerro_Azul_foliacao_MPMB,SIGLA_UNID,-1,-1;NOME_UNIDA "NOME_UNIDA" true true false 254 Text 0 0 ,First,#,Cerro_Azul_lineacao_MPMB,NOME_UNIDA,-1,-1,Cerro_Azul_foliacao_MPMB,NOME_UNIDA,-1,-1;LITOLOGIA "LITOLOGIA" true true false 254 Text 0 0 ,First,#,Cerro_Azul_lineacao_MPMB,LITOLOGIA,-1,-1,Cerro_Azul_foliacao_MPMB,LITOLOGIA,-1,-1;ABREV "ABREV" true true false 254 Text 0 0 ,First,#,Cerro_Azul_lineacao_MPMB,TIPO,-1,-1,Cerro_Azul_foliacao_MPMB,TIPO,-1,-1;DIREÇÃO "DIREÇÃO" true true false 19 Double 0 0 ,First,#,Cerro_Azul_lineacao_MPMB,DIREÇÃO,-1,-1;MERGULHO "MERGULHO" true true false 19 Double 0 0 ,First,#,Cerro_Azul_lineacao_MPMB,MERGULHO,-1,-1,Cerro_Azul_foliacao_MPMB,MERGULHO,-1,-1;DIREÇAO "DIREÇAO" true true false 19 Double 0 0 ,First,#,Cerro_Azul_foliacao_MPMB,DIREÇAO,-1,-1"</Process><Process ToolSource="c:\program files (x86)\arcgis\desktop10.6\ArcToolbox\Toolboxes\Data Management Tools.tbx\CalculateField" Date="20191021" Time="120434">CalculateField Cerro_Azul_lineacao_MPMB_Mer DIREÇÃO [DIREÇAO] VB #</Process><Process ToolSource="c:\program files (x86)\arcgis\desktop10.6\ArcToolbox\Toolboxes\Data Management Tools.tbx\CalculateField" Date="20191021" Time="120501">CalculateField Cerro_Azul_lineacao_MPMB_Mer ABREV "Ve" VB #</Process><Process ToolSource="c:\program files (x86)\arcgis\desktop10.6\ArcToolbox\Toolboxes\Data Management Tools.tbx\Merge" Date="20191021" Time="120737">Merge Cerro_Azul_lineacao_MPMB_Mer;Cerro_Azul_foliacao_proj_antigo_sul d:\Users\elias.bernard\Documents\ArcGIS\Default.gdb\Cerro_Azul_lineacao_MPMB_Mer1 "NUM_CAMPO "NUM_CAMPO" true true false 254 Text 0 0 ,First,#,Cerro_Azul_lineacao_MPMB_Mer,NUM_CAMPO,-1,-1,Cerro_Azul_foliacao_proj_antigo_sul,NUM_CAMPO,-1,-1;ESTRUTURA "ESTRUTURA" true true false 254 Text 0 0 ,First,#,Cerro_Azul_lineacao_MPMB_Mer,ESTRUTURA,-1,-1;LONGITUDE "LONGITUDE" true true false 8 Double 0 0 ,First,#,Cerro_Azul_lineacao_MPMB_Mer,LONGITUDE,-1,-1,Cerro_Azul_foliacao_proj_antigo_sul,LONGITUDE,-1,-1;LATITUDE "LATITUDE" true true false 8 Double 0 0 ,First,#,Cerro_Azul_lineacao_MPMB_Mer,LATITUDE,-1,-1,Cerro_Azul_foliacao_proj_antigo_sul,LATITUDE,-1,-1;UTM_E "UTM_E" true true false 8 Double 0 0 ,First,#,Cerro_Azul_lineacao_MPMB_Mer,UTM_E,-1,-1,Cerro_Azul_foliacao_proj_antigo_sul,UTM_E,-1,-1;UTM_N "UTM_N" true true false 8 Double 0 0 ,First,#,Cerro_Azul_lineacao_MPMB_Mer,UTM_N,-1,-1,Cerro_Azul_foliacao_proj_antigo_sul,UTM_N,-1,-1;PROJETO "PROJETO" true true false 254 Text 0 0 ,First,#,Cerro_Azul_lineacao_MPMB_Mer,PROJETO,-1,-1,Cerro_Azul_foliacao_proj_antigo_sul,PROJETO,-1,-1;MC "MC" true true false 8 Double 0 0 ,First,#,Cerro_Azul_lineacao_MPMB_Mer,MC,-1,-1,Cerro_Azul_foliacao_proj_antigo_sul,MC,-1,-1;SIGLA_UNID "SIGLA_UNID" true true false 254 Text 0 0 ,First,#,Cerro_Azul_lineacao_MPMB_Mer,SIGLA_UNID,-1,-1,Cerro_Azul_foliacao_proj_antigo_sul,SIGLA_UNID,-1,-1;NOME_UNIDA "NOME_UNIDA" true true false 254 Text 0 0 ,First,#,Cerro_Azul_lineacao_MPMB_Mer,NOME_UNIDA,-1,-1;LITOLOGIA "LITOLOGIA" true true false 254 Text 0 0 ,First,#,Cerro_Azul_lineacao_MPMB_Mer,LITOLOGIA,-1,-1,Cerro_Azul_foliacao_proj_antigo_sul,LITOLOGIA,-1,-1;ABREV "ABREV" true true false 254 Text 0 0 ,First,#,Cerro_Azul_lineacao_MPMB_Mer,ABREV,-1,-1;DIREÇÃO "DIREÇÃO" true true false 8 Double 0 0 ,First,#,Cerro_Azul_lineacao_MPMB_Mer,DIREÇÃO,-1,-1;MERGULHO "MERGULHO" true true false 8 Double 0 0 ,First,#,Cerro_Azul_lineacao_MPMB_Mer,MERGULHO,-1,-1,Cerro_Azul_foliacao_proj_antigo_sul,MERGULHO,-1,-1;TIPO "TIPO" true true false 254 Text 0 0 ,First,#,Cerro_Azul_foliacao_proj_antigo_sul,TIPO,-1,-1;NOME "NOME" true true false 254 Text 0 0 ,First,#,Cerro_Azul_foliacao_proj_antigo_sul,NOME,-1,-1;RUMO "RUMO" true true false 19 Double 0 0 ,First,#,Cerro_Azul_foliacao_proj_antigo_sul,RUMO,-1,-1;COD_TIPO_E "COD_TIPO_E" true true false 254 Text 0 0 ,First,#,Cerro_Azul_foliacao_proj_antigo_sul,COD_TIPO_E,-1,-1;ANG_NORTE "ANG_NORTE" true true false 254 Text 0 0 ,First,#,Cerro_Azul_foliacao_proj_antigo_sul,ANG_NORTE,-1,-1;COD_SENTID "COD_SENTID" true true false 254 Text 0 0 ,First,#,Cerro_Azul_foliacao_proj_antigo_sul,COD_SENTID,-1,-1"</Process><Process ToolSource="c:\program files (x86)\arcgis\desktop10.6\ArcToolbox\Toolboxes\Data Management Tools.tbx\CalculateField" Date="20191021" Time="120909">CalculateField Cerro_Azul_lineacao_MPMB_Mer1 ESTRUTURA [NOME] VB #</Process><Process ToolSource="c:\program files (x86)\arcgis\desktop10.6\ArcToolbox\Toolboxes\Data Management Tools.tbx\CalculateField" Date="20191021" Time="120946">CalculateField Cerro_Azul_lineacao_MPMB_Mer1 ABREV [TIPO] VB #</Process><Process ToolSource="c:\program files (x86)\arcgis\desktop10.6\ArcToolbox\Toolboxes\Data Management Tools.tbx\CalculateField" Date="20191021" Time="121000">CalculateField Cerro_Azul_lineacao_MPMB_Mer1 DIREÇÃO [RUMO] VB #</Process><Process ToolSource="c:\program files (x86)\arcgis\desktop10.6\ArcToolbox\Toolboxes\Data Management Tools.tbx\DeleteField" Date="20191021" Time="121106">DeleteField Cerro_Azul_lineacao_MPMB_Mer1 TIPO;NOME;RUMO;COD_TIPO_E;ANG_NORTE;COD_SENTID</Process><Process ToolSource="c:\program files (x86)\arcgis\desktop10.6\ArcToolbox\Toolboxes\Data Management Tools.tbx\CalculateField" Date="20191021" Time="134808">CalculateField Cerro_Azul_medida_estrutural_outros_projetos MC -51 VB #</Process><Process ToolSource="c:\program files (x86)\arcgis\desktop10.6\ArcToolbox\Toolboxes\Data Management Tools.tbx\Merge" Date="20191021" Time="140631">Merge Cerro_Azul_medida_estrutural_outros_projetos d:\Users\elias.bernard\Documents\ArcGIS\Default.gdb\Cerro_Azul_medida_estrutural "NUM_CAMPO "NUM_CAMPO" true true false 254 Text 0 0 ,First,#,Cerro_Azul_medida_estrutural_outros_projetos,NUM_CAMPO,-1,-1;ESTRUTURA "ESTRUTURA" true true false 254 Text 0 0 ,First,#,Cerro_Azul_medida_estrutural_outros_projetos,ESTRUTURA,-1,-1;ABREV "ABREV" true true false 254 Text 0 0 ,First,#,Cerro_Azul_medida_estrutural_outros_projetos,ABREV,-1,-1;LONGITUDE "LONGITUDE" true true false 19 Double 0 0 ,First,#,Cerro_Azul_medida_estrutural_outros_projetos,LONGITUDE,-1,-1;LATITUDE "LATITUDE" true true false 19 Double 0 0 ,First,#,Cerro_Azul_medida_estrutural_outros_projetos,LATITUDE,-1,-1;UTM_E "UTM_E" true true false 19 Double 0 0 ,First,#,Cerro_Azul_medida_estrutural_outros_projetos,UTM_E,-1,-1;UTM_N "UTM_N" true true false 19 Double 0 0 ,First,#,Cerro_Azul_medida_estrutural_outros_projetos,UTM_N,-1,-1;PROJETO "PROJETO" true true false 254 Text 0 0 ,First,#,Cerro_Azul_medida_estrutural_outros_projetos,PROJETO,-1,-1;MC "MC" true true false 19 Double 0 0 ,First,#,Cerro_Azul_medida_estrutural_outros_projetos,MC,-1,-1;SIGLA_UNID "SIGLA_UNID" true true false 254 Text 0 0 ,First,#,Cerro_Azul_medida_estrutural_outros_projetos,SIGLA_UNID,-1,-1;NOME_UNIDA "NOME_UNIDA" true true false 254 Text 0 0 ,First,#,Cerro_Azul_medida_estrutural_outros_projetos,NOME_UNIDA,-1,-1;LITOLOGIA "LITOLOGIA" true true false 254 Text 0 0 ,First,#,Cerro_Azul_medida_estrutural_outros_projetos,LITOLOGIA,-1,-1;DIREÇÃO "DIREÇÃO" true true false 19 Double 0 0 ,First,#,Cerro_Azul_medida_estrutural_outros_projetos,DIREÇÃO,-1,-1;MERGULHO "MERGULHO" true true false 19 Double 0 0 ,First,#,Cerro_Azul_medida_estrutural_outros_projetos,MERGULHO,-1,-1"</Process><Process ToolSource="c:\program files (x86)\arcgis\desktop10.8\ArcToolbox\Toolboxes\Data Management Tools.tbx\CalculateField" Date="20221104" Time="084643">CalculateField cerro_azul_medida_estrutural_outros_projetos ZONA "22S" VB #</Process><Process ToolSource="c:\program files (x86)\arcgis\desktop10.8\ArcToolbox\Toolboxes\Data Management Tools.tbx\Merge" Date="20221104" Time="084757">Merge cerro_azul_medida_estrutural_outros_projetos "D:\CASSIO\CPRM_TRABALHOS\12-Att-1-100000\Metalogenia das Provincias Minerais do Brasil - Rochas Alcalinas Areas de Registro, Iguape e Cerro Azul\Cerro Azul\Estrutura\cerro_azul_medida_estrutural_outros_projetos1.shp" "NUM_CAMPO "NUM_CAMPO" true true false 254 Text 0 0 ,First,#,cerro_azul_medida_estrutural_outros_projetos,NUM_CAMPO,-1,-1;ESTRUTURA "ESTRUTURA" true true false 254 Text 0 0 ,First,#,cerro_azul_medida_estrutural_outros_projetos,ESTRUTURA,-1,-1;ABREV "ABREV" true true false 254 Text 0 0 ,First,#,cerro_azul_medida_estrutural_outros_projetos,ABREV,-1,-1;LONGITUDE "LONGITUDE" true true false 19 Double 0 0 ,First,#,cerro_azul_medida_estrutural_outros_projetos,LONGITUDE,-1,-1;LATITUDE "LATITUDE" true true false 19 Double 0 0 ,First,#,cerro_azul_medida_estrutural_outros_projetos,LATITUDE,-1,-1;UTM_E "UTM_E" true true false 19 Double 0 0 ,First,#,cerro_azul_medida_estrutural_outros_projetos,UTM_E,-1,-1;UTM_N "UTM_N" true true false 19 Double 0 0 ,First,#,cerro_azul_medida_estrutural_outros_projetos,UTM_N,-1,-1;ZONA "ZONA" true true false 5 Text 0 0 ,First,#,cerro_azul_medida_estrutural_outros_projetos,ZONA,-1,-1;PROJETO "PROJETO" true true false 254 Text 0 0 ,First,#,cerro_azul_medida_estrutural_outros_projetos,PROJETO,-1,-1;MC "MC" true true false 19 Double 0 0 ,First,#,cerro_azul_medida_estrutural_outros_projetos,MC,-1,-1;SIGLA_UNID "SIGLA_UNID" true true false 254 Text 0 0 ,First,#,cerro_azul_medida_estrutural_outros_projetos,SIGLA_UNID,-1,-1;NOME_UNIDA "NOME_UNIDA" true true false 254 Text 0 0 ,First,#,cerro_azul_medida_estrutural_outros_projetos,NOME_UNIDA,-1,-1;LITOLOGIA "LITOLOGIA" true true false 254 Text 0 0 ,First,#,cerro_azul_medida_estrutural_outros_projetos,LITOLOGIA,-1,-1;DIREÇÃO "DIREÇÃO" true true false 19 Double 0 0 ,First,#,cerro_azul_medida_estrutural_outros_projetos,DIREÇÃO,-1,-1;MERGULHO "MERGULHO" true true false 19 Double 0 0 ,First,#,cerro_azul_medida_estrutural_outros_projetos,MERGULHO,-1,-1"</Process><Process ToolSource="c:\program files (x86)\arcgis\desktop10.8\ArcToolbox\Toolboxes\Data Management Tools.tbx\Merge" Date="20230620" Time="135819">Merge 'New Group Layer\cerro_azul_medida_estrutural_outros_projetos' "D:\CASSIO\CPRM_TRABALHOS\12-Att-1-100000\Metalogenia das Provincias Minerais do Brasil - Rochas Alcalinas Areas de Registro, Iguape e Cerro Azul\Cerro Azul\Estrutura\cerro_azul_medida_estrutural_outros_projetos1.shp" "NUM_CAMPO "NUM_CAMPO" true true false 254 Text 0 0 ,First,#,New Group Layer\cerro_azul_medida_estrutural_outros_projetos,NUM_CAMPO,-1,-1;TIPO_ESTRU "TIPO_ESTRU" true true false 254 Text 0 0 ,First,#,New Group Layer\cerro_azul_medida_estrutural_outros_projetos,ESTRUTURA,-1,-1;ABREV "ABREV" true true false 254 Text 0 0 ,First,#,New Group Layer\cerro_azul_medida_estrutural_outros_projetos,ABREV,-1,-1;LONGITUDE "LONGITUDE" true true false 19 Double 0 0 ,First,#,New Group Layer\cerro_azul_medida_estrutural_outros_projetos,LONGITUDE,-1,-1;LATITUDE "LATITUDE" true true false 19 Double 0 0 ,First,#,New Group Layer\cerro_azul_medida_estrutural_outros_projetos,LATITUDE,-1,-1;UTM_E "UTM_E" true true false 19 Double 0 0 ,First,#,New Group Layer\cerro_azul_medida_estrutural_outros_projetos,UTM_E,-1,-1;UTM_N "UTM_N" true true false 19 Double 0 0 ,First,#,New Group Layer\cerro_azul_medida_estrutural_outros_projetos,UTM_N,-1,-1;ZONA "ZONA" true true false 5 Text 0 0 ,First,#,New Group Layer\cerro_azul_medida_estrutural_outros_projetos,ZONA,-1,-1;PROJETO "PROJETO" true true false 254 Text 0 0 ,First,#,New Group Layer\cerro_azul_medida_estrutural_outros_projetos,PROJETO,-1,-1;MC "MC" true true false 19 Double 0 0 ,First,#,New Group Layer\cerro_azul_medida_estrutural_outros_projetos,MC,-1,-1;SIGLA_UNID "SIGLA_UNID" true true false 254 Text 0 0 ,First,#,New Group Layer\cerro_azul_medida_estrutural_outros_projetos,SIGLA_UNID,-1,-1;NOME_UNIDA "NOME_UNIDA" true true false 254 Text 0 0 ,First,#,New Group Layer\cerro_azul_medida_estrutural_outros_projetos,NOME_UNIDA,-1,-1;LITOLOGIA "LITOLOGIA" true true false 254 Text 0 0 ,First,#,New Group Layer\cerro_azul_medida_estrutural_outros_projetos,LITOLOGIA,-1,-1;DIREÇÃO "DIREÇÃO" true true false 19 Double 0 0 ,First,#,New Group Layer\cerro_azul_medida_estrutural_outros_projetos,DIREÇÃO,-1,-1;MERGULHO "MERGULHO" true true false 19 Double 0 0 ,First,#,New Group Layer\cerro_azul_medida_estrutural_outros_projetos,MERGULHO,-1,-1"</Process></lineage></DataProperties><SyncDate>20230620</SyncDate><SyncTime>13581700</SyncTime><ModDate>20230620</ModDate><ModTime>13581700</ModTime></Esri><dataIdInfo><envirDesc Sync="TRUE"> Version 6.2 (Build 9200) ; Esri ArcGIS 10.8.0.12790</envirDesc><dataLang><languageCode value="por" Sync="TRUE"></languageCode><countryCode value="BRA" Sync="TRUE"></countryCode></dataLang><idCitation><resTitle Sync="TRUE">cerro_azul_medida_estrutural_outros_projetos1</resTitle><presForm><PresFormCd value="005" Sync="TRUE"></PresFormCd></presForm></idCitation><spatRpType><SpatRepTypCd value="001" Sync="TRUE"></SpatRepTypCd></spatRpType></dataIdInfo><mdLang><languageCode value="por" Sync="TRUE"></languageCode><countryCode value="BRA" Sync="TRUE"></countryCode></mdLang><distInfo><distFormat><formatName Sync="TRUE">Shapefile</formatName></distFormat><distTranOps><transSize Sync="TRUE">0.000</transSize></distTranOps></distInfo><mdHrLv><ScopeCd value="005" Sync="TRUE"></ScopeCd></mdHrLv><mdHrLvName Sync="TRUE">dataset</mdHrLvName><refSysInfo><RefSystem><refSysID><identCode code="4674" Sync="TRUE"></identCode><idCodeSpace Sync="TRUE">EPSG</idCodeSpace><idVersion Sync="TRUE">9.7(9.2.0)</idVersion></refSysID></RefSystem></refSysInfo><spatRepInfo><VectSpatRep><geometObjs Name="cerro_azul_medida_estrutural_outros_projetos1"><geoObjTyp><GeoObjTypCd value="004" Sync="TRUE"></GeoObjTypCd></geoObjTyp><geoObjCnt Sync="TRUE">0</geoObjCnt></geometObjs><topLvl><TopoLevCd value="001" Sync="TRUE"></TopoLevCd></topLvl></VectSpatRep></spatRepInfo><spdoinfo><ptvctinf><esriterm Name="cerro_azul_medida_estrutural_outros_projetos1"><efeatyp Sync="TRUE">Simple</efeatyp><efeageom code="1" Sync="TRUE"></efeageom><esritopo Sync="TRUE">FALSE</esritopo><efeacnt Sync="TRUE">0</efeacnt><spindex Sync="TRUE">FALSE</spindex><linrefer Sync="TRUE">FALSE</linrefer></esriterm></ptvctinf></spdoinfo><eainfo><detailed Name="cerro_azul_medida_estrutural_outros_projetos1"><enttyp><enttypl Sync="TRUE">cerro_azul_medida_estrutural_outros_projetos1</enttypl><enttypt Sync="TRUE">Feature Class</enttypt><enttypc Sync="TRUE">0</enttypc></enttyp><attr><attrlabl Sync="TRUE">FID</attrlabl><attalias Sync="TRUE">FID</attalias><attrtype Sync="TRUE">OID</attrtype><attwidth Sync="TRUE">4</attwidth><atprecis Sync="TRUE">0</atprecis><attscale Sync="TRUE">0</attscale><attrdef Sync="TRUE">Internal feature number.</attrdef><attrdefs Sync="TRUE">Esri</attrdefs><attrdomv><udom Sync="TRUE">Sequential unique whole numbers that are automatically generated.</udom></attrdomv></attr><attr><attrlabl Sync="TRUE">Shape</attrlabl><attalias Sync="TRUE">Shape</attalias><attrtype Sync="TRUE">Geometry</attrtype><attwidth Sync="TRUE">0</attwidth><atprecis Sync="TRUE">0</atprecis><attscale Sync="TRUE">0</attscale><attrdef Sync="TRUE">Feature geometry.</attrdef><attrdefs Sync="TRUE">Esri</attrdefs><attrdomv><udom Sync="TRUE">Coordinates defining the features.</udom></attrdomv></attr><attr><attrlabl Sync="TRUE">NUM_CAMPO</attrlabl><attalias Sync="TRUE">NUM_CAMPO</attalias><attrtype Sync="TRUE">String</attrtype><attwidth Sync="TRUE">254</attwidth><atprecis Sync="TRUE">0</atprecis><attscale Sync="TRUE">0</attscale></attr><attr><attrlabl Sync="TRUE">TIPO_ESTRU</attrlabl><attalias Sync="TRUE">TIPO_ESTRU</attalias><attrtype Sync="TRUE">String</attrtype><attwidth Sync="TRUE">254</attwidth><atprecis Sync="TRUE">0</atprecis><attscale Sync="TRUE">0</attscale></attr><attr><attrlabl Sync="TRUE">LONGITUDE</attrlabl><attalias Sync="TRUE">LONGITUDE</attalias><attrtype Sync="TRUE">Double</attrtype><attwidth Sync="TRUE">19</attwidth><atprecis Sync="TRUE">0</atprecis><attscale Sync="TRUE">0</attscale></attr><attr><attrlabl Sync="TRUE">LATITUDE</attrlabl><attalias Sync="TRUE">LATITUDE</attalias><attrtype Sync="TRUE">Double</attrtype><attwidth Sync="TRUE">19</attwidth><atprecis Sync="TRUE">0</atprecis><attscale Sync="TRUE">0</attscale></attr><attr><attrlabl Sync="TRUE">UTM_E</attrlabl><attalias Sync="TRUE">UTM_E</attalias><attrtype Sync="TRUE">Double</attrtype><attwidth Sync="TRUE">19</attwidth><atprecis Sync="TRUE">0</atprecis><attscale Sync="TRUE">0</attscale></attr><attr><attrlabl Sync="TRUE">UTM_N</attrlabl><attalias Sync="TRUE">UTM_N</attalias><attrtype Sync="TRUE">Double</attrtype><attwidth Sync="TRUE">19</attwidth><atprecis Sync="TRUE">0</atprecis><attscale Sync="TRUE">0</attscale></attr><attr><attrlabl Sync="TRUE">PROJETO</attrlabl><attalias Sync="TRUE">PROJETO</attalias><attrtype Sync="TRUE">String</attrtype><attwidth Sync="TRUE">254</attwidth><atprecis Sync="TRUE">0</atprecis><attscale Sync="TRUE">0</attscale></attr><attr><attrlabl Sync="TRUE">ZONA</attrlabl><attalias Sync="TRUE">ZONA</attalias><attrtype Sync="TRUE">String</attrtype><attwidth Sync="TRUE">5</attwidth><atprecis Sync="TRUE">0</atprecis><attscale Sync="TRUE">0</attscale></attr><attr><attrlabl Sync="TRUE">MC</attrlabl><attalias Sync="TRUE">MC</attalias><attrtype Sync="TRUE">Double</attrtype><attwidth Sync="TRUE">19</attwidth><atprecis Sync="TRUE">0</atprecis><attscale Sync="TRUE">0</attscale></attr><attr><attrlabl Sync="TRUE">SIGLA_UNID</attrlabl><attalias Sync="TRUE">SIGLA_UNID</attalias><attrtype Sync="TRUE">String</attrtype><attwidth Sync="TRUE">254</attwidth><atprecis Sync="TRUE">0</atprecis><attscale Sync="TRUE">0</attscale></attr><attr><attrlabl Sync="TRUE">NOME_UNIDA</attrlabl><attalias Sync="TRUE">NOME_UNIDA</attalias><attrtype Sync="TRUE">String</attrtype><attwidth Sync="TRUE">254</attwidth><atprecis Sync="TRUE">0</atprecis><attscale Sync="TRUE">0</attscale></attr><attr><attrlabl Sync="TRUE">LITOLOGIA</attrlabl><attalias Sync="TRUE">LITOLOGIA</attalias><attrtype Sync="TRUE">String</attrtype><attwidth Sync="TRUE">254</attwidth><atprecis Sync="TRUE">0</atprecis><attscale Sync="TRUE">0</attscale></attr><attr><attrlabl Sync="TRUE">ABREV</attrlabl><attalias Sync="TRUE">ABREV</attalias><attrtype Sync="TRUE">String</attrtype><attwidth Sync="TRUE">254</attwidth><atprecis Sync="TRUE">0</atprecis><attscale Sync="TRUE">0</attscale></attr><attr><attrlabl Sync="TRUE">DIREÇÃO</attrlabl><attalias Sync="TRUE">DIREÇÃO</attalias><attrtype Sync="TRUE">Double</attrtype><attwidth Sync="TRUE">19</attwidth><atprecis Sync="TRUE">0</atprecis><attscale Sync="TRUE">0</attscale></attr><attr><attrlabl Sync="TRUE">MERGULHO</attrlabl><attalias Sync="TRUE">MERGULHO</attalias><attrtype Sync="TRUE">Double</attrtype><attwidth Sync="TRUE">19</attwidth><atprecis Sync="TRUE">0</atprecis><attscale Sync="TRUE">0</attscale></attr></detailed></eainfo><mdDateSt Sync="TRUE">20230620</mdDateSt><mdChar><CharSetCd value="004" Sync="TRUE"></CharSetCd></mdChar></metadata>
