<?xml version="1.0" encoding="UTF-8"?>
<metadata xml:lang="pt"><Esri><CreaDate>20191021</CreaDate><CreaTime>13571100</CreaTime><ArcGISFormat>1.0</ArcGISFormat><SyncOnce>FALSE</SyncOnce><DataProperties><itemProps><itemName Sync="TRUE">cerro_azul_medida_estrutural1</itemName><imsContentType Sync="TRUE">002</imsContentType><itemLocation><linkage Sync="TRUE">file://\\DESKTOP-P3BIJE7\D$\CASSIO\CPRM_TRABALHOS\12-Att-1-100000\Metalogenia das Provincias Minerais do Brasil - Rochas Alcalinas Areas de Registro, Iguape e Cerro Azul\Cerro Azul\Estrutura\cerro_azul_medida_estrutural1.shp</linkage><protocol Sync="TRUE">Local Area Network</protocol></itemLocation><itemSize Sync="TRUE">0.000</itemSize></itemProps><coordRef><type Sync="TRUE">Geographic</type><geogcsn Sync="TRUE">GCS_SIRGAS_2000</geogcsn><csUnits Sync="TRUE">Angular Unit: Degree (0.017453)</csUnits><peXml Sync="TRUE">&lt;GeographicCoordinateSystem xsi:type='typens:GeographicCoordinateSystem' xmlns:xsi='http://www.w3.org/2001/XMLSchema-instance' xmlns:xs='http://www.w3.org/2001/XMLSchema' xmlns:typens='http://www.esri.com/schemas/ArcGIS/10.7'&gt;&lt;WKT&gt;GEOGCS[&amp;quot;GCS_SIRGAS_2000&amp;quot;,DATUM[&amp;quot;D_SIRGAS_2000&amp;quot;,SPHEROID[&amp;quot;GRS_1980&amp;quot;,6378137.0,298.257222101]],PRIMEM[&amp;quot;Greenwich&amp;quot;,0.0],UNIT[&amp;quot;Degree&amp;quot;,0.0174532925199433],AUTHORITY[&amp;quot;EPSG&amp;quot;,4674]]&lt;/WKT&gt;&lt;XOrigin&gt;-400&lt;/XOrigin&gt;&lt;YOrigin&gt;-400&lt;/YOrigin&gt;&lt;XYScale&gt;11258999068426.238&lt;/XYScale&gt;&lt;ZOrigin&gt;-100000&lt;/ZOrigin&gt;&lt;ZScale&gt;10000&lt;/ZScale&gt;&lt;MOrigin&gt;-100000&lt;/MOrigin&gt;&lt;MScale&gt;10000&lt;/MScale&gt;&lt;XYTolerance&gt;8.9831528411952133e-09&lt;/XYTolerance&gt;&lt;ZTolerance&gt;0.001&lt;/ZTolerance&gt;&lt;MTolerance&gt;0.001&lt;/MTolerance&gt;&lt;HighPrecision&gt;true&lt;/HighPrecision&gt;&lt;LeftLongitude&gt;-180&lt;/LeftLongitude&gt;&lt;WKID&gt;4674&lt;/WKID&gt;&lt;LatestWKID&gt;4674&lt;/LatestWKID&gt;&lt;/GeographicCoordinateSystem&gt;</peXml></coordRef><lineage><Process ToolSource="c:\program files (x86)\arcgis\desktop10.6\ArcToolbox\Toolboxes\Data Management Tools.tbx\Merge" Date="20191021" Time="135353">Merge Cerro_Azul_foliacao_Norte;Cerro_Azul_lineacao_Norte d:\Users\elias.bernard\Documents\ArcGIS\Default.gdb\Cerro_Azul_foliacao_Norte_Me1 "NUM_CAMPO "NUM_CAMPO" true true false 10 Text 0 0 ,First,#,Cerro_Azul_foliacao_Norte,NUM_CAMPO,-1,-1,Cerro_Azul_lineacao_Norte,NUM_CAMPO,-1,-1;LATITUDE "LATITUDE" true true false 19 Double 0 0 ,First,#,Cerro_Azul_foliacao_Norte,LATITUDE,-1,-1,Cerro_Azul_lineacao_Norte,LATITUDE,-1,-1;LONGITUDE "LONGITUDE" true true false 19 Double 0 0 ,First,#,Cerro_Azul_foliacao_Norte,LONGITUDE,-1,-1,Cerro_Azul_lineacao_Norte,LONGITUDE,-1,-1;UTM_E "UTM_E" true true false 10 Long 0 10 ,First,#,Cerro_Azul_foliacao_Norte,UTM_E,-1,-1,Cerro_Azul_lineacao_Norte,UTM_E,-1,-1;UTM_N "UTM_N" true true false 10 Long 0 10 ,First,#,Cerro_Azul_foliacao_Norte,UTM_N,-1,-1,Cerro_Azul_lineacao_Norte,UTM_N,-1,-1;MC "MC" true true false 19 Double 0 0 ,First,#,Cerro_Azul_foliacao_Norte,MC,-1,-1,Cerro_Azul_lineacao_Norte,MC,-1,-1;LITOLOGIA "LITOLOGIA" true true false 254 Text 0 0 ,First,#,Cerro_Azul_foliacao_Norte,LITOLOGIA,-1,-1,Cerro_Azul_lineacao_Norte,LITOLOGIA,-1,-1;SIGLA_UNID "SIGLA_UNID" true true false 254 Text 0 0 ,First,#,Cerro_Azul_foliacao_Norte,SIGLA_UNID,-1,-1,Cerro_Azul_lineacao_Norte,SIGLA_UNID,-1,-1;TIPO "TIPO" true true false 254 Text 0 0 ,First,#,Cerro_Azul_foliacao_Norte,TIPO,-1,-1,Cerro_Azul_lineacao_Norte,TIPO,-1,-1;NOME "NOME" true true false 254 Text 0 0 ,First,#,Cerro_Azul_foliacao_Norte,NOME,-1,-1,Cerro_Azul_lineacao_Norte,NOME,-1,-1;RUMO "RUMO" true true false 10 Long 0 10 ,First,#,Cerro_Azul_foliacao_Norte,RUMO,-1,-1;COD_TIPO_E "COD_TIPO_E" true true false 10 Long 0 10 ,First,#,Cerro_Azul_foliacao_Norte,COD_TIPO_E,-1,-1,Cerro_Azul_lineacao_Norte,COD_TIPO_E,-1,-1;ANG_NORTE "ANG_NORTE" true true false 10 Long 0 10 ,First,#,Cerro_Azul_foliacao_Norte,ANG_NORTE,-1,-1,Cerro_Azul_lineacao_Norte,ANG_NORTE,-1,-1;MERGULHO "MERGULHO" true true false 10 Long 0 10 ,First,#,Cerro_Azul_foliacao_Norte,MERGULHO,-1,-1,Cerro_Azul_lineacao_Norte,MERGULHO,-1,-1;COD_SENTID "COD_SENTID" true true false 10 Long 0 10 ,First,#,Cerro_Azul_foliacao_Norte,COD_SENTID,-1,-1,Cerro_Azul_lineacao_Norte,COD_SENTID,-1,-1"</Process><Process ToolSource="c:\program files (x86)\arcgis\desktop10.6\ArcToolbox\Toolboxes\Data Management Tools.tbx\Merge" Date="20191021" Time="135624">Merge Cerro_Azul_foliacao_Norte_Me1 d:\Users\elias.bernard\Documents\ArcGIS\Default.gdb\Cerro_Azul_foliacao_Norte_Me2 "NUM_CAMPO "NUM_CAMPO" true true false 10 Text 0 0 ,First,#,Cerro_Azul_foliacao_Norte_Me1,NUM_CAMPO,-1,-1;ESTRUTURA "ESTRUTURA" true true false 254 Text 0 0 ,First,#,Cerro_Azul_foliacao_Norte_Me1,NOME,-1,-1;ABREV "ABREV" true true false 254 Text 0 0 ,First,#,Cerro_Azul_foliacao_Norte_Me1,TIPO,-1,-1;LATITUDE "LATITUDE" true true false 8 Double 0 0 ,First,#,Cerro_Azul_foliacao_Norte_Me1,LATITUDE,-1,-1;LONGITUDE "LONGITUDE" true true false 8 Double 0 0 ,First,#,Cerro_Azul_foliacao_Norte_Me1,LONGITUDE,-1,-1;UTM_E "UTM_E" true true false 4 Long 0 0 ,First,#,Cerro_Azul_foliacao_Norte_Me1,UTM_E,-1,-1;UTM_N "UTM_N" true true false 4 Long 0 0 ,First,#,Cerro_Azul_foliacao_Norte_Me1,UTM_N,-1,-1;MC "MC" true true false 8 Double 0 0 ,First,#,Cerro_Azul_foliacao_Norte_Me1,MC,-1,-1;LITOLOGIA "LITOLOGIA" true true false 254 Text 0 0 ,First,#,Cerro_Azul_foliacao_Norte_Me1,LITOLOGIA,-1,-1;SIGLA_UNID "SIGLA_UNID" true true false 254 Text 0 0 ,First,#,Cerro_Azul_foliacao_Norte_Me1,SIGLA_UNID,-1,-1;RUMO "RUMO" true true false 4 Long 0 0 ,First,#,Cerro_Azul_foliacao_Norte_Me1,RUMO,-1,-1;ANG_NORTE "ANG_NORTE" true true false 4 Long 0 0 ,First,#,Cerro_Azul_foliacao_Norte_Me1,ANG_NORTE,-1,-1;MERGULHO "MERGULHO" true true false 4 Long 0 0 ,First,#,Cerro_Azul_foliacao_Norte_Me1,MERGULHO,-1,-1"</Process><Process ToolSource="c:\program files (x86)\arcgis\desktop10.8\ArcToolbox\Toolboxes\Data Management Tools.tbx\CalculateField" Date="20221104" Time="084701">CalculateField cerro_azul_medida_estrutural ZONA "22S" VB #</Process><Process ToolSource="c:\program files (x86)\arcgis\desktop10.8\ArcToolbox\Toolboxes\Data Management Tools.tbx\Merge" Date="20221104" Time="084827">Merge cerro_azul_medida_estrutural "D:\CASSIO\CPRM_TRABALHOS\12-Att-1-100000\Metalogenia das Provincias Minerais do Brasil - Rochas Alcalinas Areas de Registro, Iguape e Cerro Azul\Cerro Azul\Estrutura\cerro_azul_medida_estrutural1.shp" "NUM_CAMPO "NUM_CAMPO" true true false 10 Text 0 0 ,First,#,cerro_azul_medida_estrutural,NUM_CAMPO,-1,-1;ESTRUTURA "ESTRUTURA" true true false 254 Text 0 0 ,First,#,cerro_azul_medida_estrutural,ESTRUTURA,-1,-1;ABREV "ABREV" true true false 254 Text 0 0 ,First,#,cerro_azul_medida_estrutural,ABREV,-1,-1;LATITUDE "LATITUDE" true true false 19 Double 0 0 ,First,#,cerro_azul_medida_estrutural,LATITUDE,-1,-1;LONGITUDE "LONGITUDE" true true false 19 Double 0 0 ,First,#,cerro_azul_medida_estrutural,LONGITUDE,-1,-1;UTM_E "UTM_E" true true false 10 Long 0 10 ,First,#,cerro_azul_medida_estrutural,UTM_E,-1,-1;UTM_N "UTM_N" true true false 10 Long 0 10 ,First,#,cerro_azul_medida_estrutural,UTM_N,-1,-1;MC "MC" true true false 19 Double 0 0 ,First,#,cerro_azul_medida_estrutural,MC,-1,-1;ZONA "ZONA" true true false 5 Text 0 0 ,First,#,cerro_azul_medida_estrutural,ZONA,-1,-1;LITOLOGIA "LITOLOGIA" true true false 254 Text 0 0 ,First,#,cerro_azul_medida_estrutural,LITOLOGIA,-1,-1;SIGLA_UNID "SIGLA_UNID" true true false 254 Text 0 0 ,First,#,cerro_azul_medida_estrutural,SIGLA_UNID,-1,-1;RUMO "RUMO" true true false 10 Long 0 10 ,First,#,cerro_azul_medida_estrutural,RUMO,-1,-1;ANG_NORTE "ANG_NORTE" true true false 10 Long 0 10 ,First,#,cerro_azul_medida_estrutural,ANG_NORTE,-1,-1;MERGULHO "MERGULHO" true true false 10 Long 0 10 ,First,#,cerro_azul_medida_estrutural,MERGULHO,-1,-1"</Process><Process ToolSource="c:\program files (x86)\arcgis\desktop10.8\ArcToolbox\Toolboxes\Data Management Tools.tbx\Merge" Date="20230620" Time="135745">Merge 'New Group Layer\cerro_azul_medida_estrutural' "D:\CASSIO\CPRM_TRABALHOS\12-Att-1-100000\Metalogenia das Provincias Minerais do Brasil - Rochas Alcalinas Areas de Registro, Iguape e Cerro Azul\Cerro Azul\Estrutura\cerro_azul_medida_estrutural1.shp" "NUM_CAMPO "NUM_CAMPO" true true false 10 Text 0 0 ,First,#,New Group Layer\cerro_azul_medida_estrutural,NUM_CAMPO,-1,-1;TIPO_ESTRU "TIPO_ESTRU" true true false 254 Text 0 0 ,First,#,New Group Layer\cerro_azul_medida_estrutural,ESTRUTURA,-1,-1;ABREV "ABREV" true true false 254 Text 0 0 ,First,#,New Group Layer\cerro_azul_medida_estrutural,ABREV,-1,-1;LATITUDE "LATITUDE" true true false 19 Double 0 0 ,First,#,New Group Layer\cerro_azul_medida_estrutural,LATITUDE,-1,-1;LONGITUDE "LONGITUDE" true true false 19 Double 0 0 ,First,#,New Group Layer\cerro_azul_medida_estrutural,LONGITUDE,-1,-1;UTM_E "UTM_E" true true false 10 Long 0 10 ,First,#,New Group Layer\cerro_azul_medida_estrutural,UTM_E,-1,-1;UTM_N "UTM_N" true true false 10 Long 0 10 ,First,#,New Group Layer\cerro_azul_medida_estrutural,UTM_N,-1,-1;MC "MC" true true false 19 Double 0 0 ,First,#,New Group Layer\cerro_azul_medida_estrutural,MC,-1,-1;ZONA "ZONA" true true false 5 Text 0 0 ,First,#,New Group Layer\cerro_azul_medida_estrutural,ZONA,-1,-1;LITOLOGIA "LITOLOGIA" true true false 254 Text 0 0 ,First,#,New Group Layer\cerro_azul_medida_estrutural,LITOLOGIA,-1,-1;SIGLA_UNID "SIGLA_UNID" true true false 254 Text 0 0 ,First,#,New Group Layer\cerro_azul_medida_estrutural,SIGLA_UNID,-1,-1;RUMO "RUMO" true true false 10 Long 0 10 ,First,#,New Group Layer\cerro_azul_medida_estrutural,RUMO,-1,-1;ANG_NORTE "ANG_NORTE" true true false 10 Long 0 10 ,First,#,New Group Layer\cerro_azul_medida_estrutural,ANG_NORTE,-1,-1;MERGULHO "MERGULHO" true true false 10 Long 0 10 ,First,#,New Group Layer\cerro_azul_medida_estrutural,MERGULHO,-1,-1"</Process></lineage></DataProperties><SyncDate>20230620</SyncDate><SyncTime>13574300</SyncTime><ModDate>20230620</ModDate><ModTime>13574300</ModTime></Esri><dataIdInfo><envirDesc Sync="TRUE"> Version 6.2 (Build 9200) ; Esri ArcGIS 10.8.0.12790</envirDesc><dataLang><languageCode value="por" Sync="TRUE"></languageCode><countryCode value="BRA" Sync="TRUE"></countryCode></dataLang><idCitation><resTitle Sync="TRUE">cerro_azul_medida_estrutural1</resTitle><presForm><PresFormCd value="005" Sync="TRUE"></PresFormCd></presForm></idCitation><spatRpType><SpatRepTypCd value="001" Sync="TRUE"></SpatRepTypCd></spatRpType></dataIdInfo><mdLang><languageCode value="por" Sync="TRUE"></languageCode><countryCode value="BRA" Sync="TRUE"></countryCode></mdLang><distInfo><distFormat><formatName Sync="TRUE">Shapefile</formatName></distFormat><distTranOps><transSize Sync="TRUE">0.000</transSize></distTranOps></distInfo><mdHrLv><ScopeCd value="005" Sync="TRUE"></ScopeCd></mdHrLv><mdHrLvName Sync="TRUE">dataset</mdHrLvName><refSysInfo><RefSystem><refSysID><identCode code="4674" Sync="TRUE"></identCode><idCodeSpace Sync="TRUE">EPSG</idCodeSpace><idVersion Sync="TRUE">9.7(9.2.0)</idVersion></refSysID></RefSystem></refSysInfo><spatRepInfo><VectSpatRep><geometObjs Name="cerro_azul_medida_estrutural1"><geoObjTyp><GeoObjTypCd value="004" Sync="TRUE"></GeoObjTypCd></geoObjTyp><geoObjCnt Sync="TRUE">0</geoObjCnt></geometObjs><topLvl><TopoLevCd value="001" Sync="TRUE"></TopoLevCd></topLvl></VectSpatRep></spatRepInfo><spdoinfo><ptvctinf><esriterm Name="cerro_azul_medida_estrutural1"><efeatyp Sync="TRUE">Simple</efeatyp><efeageom code="1" Sync="TRUE"></efeageom><esritopo Sync="TRUE">FALSE</esritopo><efeacnt Sync="TRUE">0</efeacnt><spindex Sync="TRUE">FALSE</spindex><linrefer Sync="TRUE">FALSE</linrefer></esriterm></ptvctinf></spdoinfo><eainfo><detailed Name="cerro_azul_medida_estrutural1"><enttyp><enttypl Sync="TRUE">cerro_azul_medida_estrutural1</enttypl><enttypt Sync="TRUE">Feature Class</enttypt><enttypc Sync="TRUE">0</enttypc></enttyp><attr><attrlabl Sync="TRUE">FID</attrlabl><attalias Sync="TRUE">FID</attalias><attrtype Sync="TRUE">OID</attrtype><attwidth Sync="TRUE">4</attwidth><atprecis Sync="TRUE">0</atprecis><attscale Sync="TRUE">0</attscale><attrdef Sync="TRUE">Internal feature number.</attrdef><attrdefs Sync="TRUE">Esri</attrdefs><attrdomv><udom Sync="TRUE">Sequential unique whole numbers that are automatically generated.</udom></attrdomv></attr><attr><attrlabl Sync="TRUE">Shape</attrlabl><attalias Sync="TRUE">Shape</attalias><attrtype Sync="TRUE">Geometry</attrtype><attwidth Sync="TRUE">0</attwidth><atprecis Sync="TRUE">0</atprecis><attscale Sync="TRUE">0</attscale><attrdef Sync="TRUE">Feature geometry.</attrdef><attrdefs Sync="TRUE">Esri</attrdefs><attrdomv><udom Sync="TRUE">Coordinates defining the features.</udom></attrdomv></attr><attr><attrlabl Sync="TRUE">NUM_CAMPO</attrlabl><attalias Sync="TRUE">NUM_CAMPO</attalias><attrtype Sync="TRUE">String</attrtype><attwidth Sync="TRUE">10</attwidth><atprecis Sync="TRUE">0</atprecis><attscale Sync="TRUE">0</attscale></attr><attr><attrlabl Sync="TRUE">TIPO_ESTRU</attrlabl><attalias Sync="TRUE">TIPO_ESTRU</attalias><attrtype Sync="TRUE">String</attrtype><attwidth Sync="TRUE">254</attwidth><atprecis Sync="TRUE">0</atprecis><attscale Sync="TRUE">0</attscale></attr><attr><attrlabl Sync="TRUE">ABREV</attrlabl><attalias Sync="TRUE">ABREV</attalias><attrtype Sync="TRUE">String</attrtype><attwidth Sync="TRUE">254</attwidth><atprecis Sync="TRUE">0</atprecis><attscale Sync="TRUE">0</attscale></attr><attr><attrlabl Sync="TRUE">LATITUDE</attrlabl><attalias Sync="TRUE">LATITUDE</attalias><attrtype Sync="TRUE">Double</attrtype><attwidth Sync="TRUE">19</attwidth><atprecis Sync="TRUE">0</atprecis><attscale Sync="TRUE">0</attscale></attr><attr><attrlabl Sync="TRUE">LONGITUDE</attrlabl><attalias Sync="TRUE">LONGITUDE</attalias><attrtype Sync="TRUE">Double</attrtype><attwidth Sync="TRUE">19</attwidth><atprecis Sync="TRUE">0</atprecis><attscale Sync="TRUE">0</attscale></attr><attr><attrlabl Sync="TRUE">UTM_E</attrlabl><attalias Sync="TRUE">UTM_E</attalias><attrtype Sync="TRUE">Integer</attrtype><attwidth Sync="TRUE">10</attwidth><atprecis Sync="TRUE">10</atprecis><attscale Sync="TRUE">0</attscale></attr><attr><attrlabl Sync="TRUE">UTM_N</attrlabl><attalias Sync="TRUE">UTM_N</attalias><attrtype Sync="TRUE">Integer</attrtype><attwidth Sync="TRUE">10</attwidth><atprecis Sync="TRUE">10</atprecis><attscale Sync="TRUE">0</attscale></attr><attr><attrlabl Sync="TRUE">MC</attrlabl><attalias Sync="TRUE">MC</attalias><attrtype Sync="TRUE">Double</attrtype><attwidth Sync="TRUE">19</attwidth><atprecis Sync="TRUE">0</atprecis><attscale Sync="TRUE">0</attscale></attr><attr><attrlabl Sync="TRUE">ZONA</attrlabl><attalias Sync="TRUE">ZONA</attalias><attrtype Sync="TRUE">String</attrtype><attwidth Sync="TRUE">5</attwidth><atprecis Sync="TRUE">0</atprecis><attscale Sync="TRUE">0</attscale></attr><attr><attrlabl Sync="TRUE">LITOLOGIA</attrlabl><attalias Sync="TRUE">LITOLOGIA</attalias><attrtype Sync="TRUE">String</attrtype><attwidth Sync="TRUE">254</attwidth><atprecis Sync="TRUE">0</atprecis><attscale Sync="TRUE">0</attscale></attr><attr><attrlabl Sync="TRUE">SIGLA_UNID</attrlabl><attalias Sync="TRUE">SIGLA_UNID</attalias><attrtype Sync="TRUE">String</attrtype><attwidth Sync="TRUE">254</attwidth><atprecis Sync="TRUE">0</atprecis><attscale Sync="TRUE">0</attscale></attr><attr><attrlabl Sync="TRUE">RUMO</attrlabl><attalias Sync="TRUE">RUMO</attalias><attrtype Sync="TRUE">Integer</attrtype><attwidth Sync="TRUE">10</attwidth><atprecis Sync="TRUE">10</atprecis><attscale Sync="TRUE">0</attscale></attr><attr><attrlabl Sync="TRUE">ANG_NORTE</attrlabl><attalias Sync="TRUE">ANG_NORTE</attalias><attrtype Sync="TRUE">Integer</attrtype><attwidth Sync="TRUE">10</attwidth><atprecis Sync="TRUE">10</atprecis><attscale Sync="TRUE">0</attscale></attr><attr><attrlabl Sync="TRUE">MERGULHO</attrlabl><attalias Sync="TRUE">MERGULHO</attalias><attrtype Sync="TRUE">Integer</attrtype><attwidth Sync="TRUE">10</attwidth><atprecis Sync="TRUE">10</atprecis><attscale Sync="TRUE">0</attscale></attr></detailed></eainfo><mdDateSt Sync="TRUE">20230620</mdDateSt><mdChar><CharSetCd value="004" Sync="TRUE"></CharSetCd></mdChar></metadata>
