<?xml version="1.0" encoding="UTF-8"?>
<metadata xml:lang="pt"><Esri><CreaDate>20190923</CreaDate><CreaTime>13402000</CreaTime><ArcGISstyle>ISO 19139 Metadata Implementation Specification</ArcGISstyle><SyncOnce>FALSE</SyncOnce><DataProperties><lineage><Process ToolSource="C:\Program Files (x86)\ArcGIS\Desktop10.0\ArcToolbox\Toolboxes\Data Management Tools.tbx\CalculateField" Date="20120925" Time="143136">CalculateField estrutura TIPO_ESTRU !TIPO_EST_1!.capitalize() PYTHON_9.3 #</Process><Process ToolSource="C:\Program Files (x86)\ArcGIS\Desktop10.0\ArcToolbox\Toolboxes\Data Management Tools.tbx\CalculateField" Date="20120925" Time="143144">CalculateField estrutura TIPO_ESTRU !TIPO_EST_1!.capitalize() PYTHON_9.3 #</Process><Process ToolSource="C:\Program Files (x86)\ArcGIS\Desktop10.0\ArcToolbox\Toolboxes\Data Management Tools.tbx\CalculateField" Date="20120925" Time="143208">CalculateField estrutura NMESTRUTU !NMESTRUTUR! PYTHON_9.3 #</Process><Process ToolSource="C:\Program Files (x86)\ArcGIS\Desktop10.0\ArcToolbox\Toolboxes\Data Management Tools.tbx\CalculateField" Date="20120925" Time="143323">CalculateField estrutura TIPO_ESTRU "38 - Dique" PYTHON_9.3 #</Process><Process ToolSource="C:\Program Files (x86)\ArcGIS\Desktop10.0\ArcToolbox\Toolboxes\Data Management Tools.tbx\CalculateField" Date="20120925" Time="143419">CalculateField estrutura TIPO_ESTRU "76 - Anticlinal ou antiforme" VB #</Process><Process ToolSource="C:\Program Files (x86)\ArcGIS\Desktop10.0\ArcToolbox\Toolboxes\Data Management Tools.tbx\CalculateField" Date="20120925" Time="143754">CalculateField estrutura TIPO_ESTRU "3 - Falha extensional (Normal)" VB #</Process><Process ToolSource="C:\Program Files (x86)\ArcGIS\Desktop10.0\ArcToolbox\Toolboxes\Data Management Tools.tbx\CalculateField" Date="20120925" Time="143819">CalculateField estrutura TIPO_ESTRU "15 - Falha ou fratura" VB #</Process><Process ToolSource="C:\Program Files (x86)\ArcGIS\Desktop10.0\ArcToolbox\Toolboxes\Data Management Tools.tbx\CalculateField" Date="20120925" Time="143844">CalculateField estrutura TIPO_ESTRU "44 - Falha ou fratura aproximada" VB #</Process><Process ToolSource="C:\Program Files (x86)\ArcGIS\Desktop10.0\ArcToolbox\Toolboxes\Data Management Tools.tbx\CalculateField" Date="20120925" Time="153047">CalculateField estrutura TIPO_ESTRU "9 - Zona de cisalhamento indiscriminada" VB #</Process><Process ToolSource="C:\Program Files (x86)\ArcGIS\Desktop10.0\ArcToolbox\Toolboxes\Data Management Tools.tbx\CalculateField" Date="20120925" Time="153130">CalculateField estrutura TIPO_ESTRU "81 - Sinclinal ou sinforme" VB #</Process><Process ToolSource="C:\Program Files (x86)\ArcGIS\Desktop10.0\ArcToolbox\Toolboxes\Data Management Tools.tbx\CalculateField" Date="20120925" Time="153158">CalculateField estrutura TIPO_ESTRU "34 - Sinclinal ou sinforme invertido" VB #</Process><Process ToolSource="C:\Program Files (x86)\ArcGIS\Desktop10.0\ArcToolbox\Toolboxes\Data Management Tools.tbx\CalculateField" Date="20120925" Time="153251">CalculateField estrutura TIPO_ESTRU "12 - Zona de cisalhamento transcorrente" VB #</Process><Process ToolSource="C:\Program Files (x86)\ArcGIS\Desktop10.0\ArcToolbox\Toolboxes\Data Management Tools.tbx\CalculateField" Date="20120925" Time="155148">CalculateField estrutura_Ribeira TIPO_ESTRU "59 - Falha ou zona de cisalhamento transcorrente" VB #</Process><Process ToolSource="C:\Program Files (x86)\ArcGIS\Desktop10.0\ArcToolbox\Toolboxes\Data Management Tools.tbx\CalculateField" Date="20120925" Time="155644">CalculateField estrutura_Ribeira REGIME_TEC "Extensional" VB #</Process><Process ToolSource="C:\Program Files (x86)\ArcGIS\Desktop10.0\ArcToolbox\Toolboxes\Data Management Tools.tbx\CalculateField" Date="20120925" Time="155722">CalculateField estrutura_Ribeira REGIME_TEC "Não Determinado" VB #</Process><Process ToolSource="C:\Program Files (x86)\ArcGIS\Desktop10.0\ArcToolbox\Toolboxes\Data Management Tools.tbx\CalculateField" Date="20120925" Time="155818">CalculateField estrutura_Ribeira REGIME_TEC "Transcorrente" VB #</Process><Process ToolSource="C:\Program Files (x86)\ArcGIS\Desktop10.0\ArcToolbox\Toolboxes\Data Management Tools.tbx\CalculateField" Date="20120925" Time="155838">CalculateField estrutura_Ribeira REGIME_TEC "Não Determinado" VB #</Process><Process ToolSource="C:\Program Files (x86)\ArcGIS\Desktop10.0\ArcToolbox\Toolboxes\Data Management Tools.tbx\CalculateField" Date="20120925" Time="155904">CalculateField estrutura_Ribeira ORIGEM "Província Mantiqueira" VB #</Process><Process ToolSource="C:\Program Files (x86)\ArcGIS\Desktop10.0\ArcToolbox\Toolboxes\Data Management Tools.tbx\CalculateField" Date="20120925" Time="155930">CalculateField estrutura_Ribeira DESLOC_ "Rejeito vertical" VB #</Process><Process ToolSource="C:\Program Files (x86)\ArcGIS\Desktop10.0\ArcToolbox\Toolboxes\Data Management Tools.tbx\CalculateField" Date="20120925" Time="155948">CalculateField estrutura_Ribeira DESLOC_ "Rejeito horizontal" VB #</Process><Process ToolSource="C:\Program Files (x86)\ArcGIS\Desktop10.0\ArcToolbox\Toolboxes\Data Management Tools.tbx\CalculateField" Date="20120925" Time="160305">CalculateField estrutura_Ribeira EVENTO_ORO "Evolução na porção meridional da Faixa Ribeira no Ciclo Brasiliano-Pan Africano" VB #</Process><Process ToolSource="C:\Program Files (x86)\ArcGIS\Desktop10.0\ArcToolbox\Toolboxes\Data Management Tools.tbx\CalculateField" Date="20120926" Time="090053">CalculateField estrutura_Ribeira EVENTO_ORO "Evolução na porção meridional da Faixa Ribeira no Ciclo Brasiliano-Pan Africano" VB #</Process><Process ToolSource="C:\Program Files (x86)\ArcGIS\Desktop10.0\ArcToolbox\Toolboxes\Data Management Tools.tbx\CalculateField" Date="20121002" Time="151325">CalculateField estrutura_Ribeira ORIGEM "Província Mantiqueira" VB #</Process><Process ToolSource="C:\Program Files (x86)\ArcGIS\Desktop10.0\ArcToolbox\Toolboxes\Data Management Tools.tbx\CalculateField" Date="20121002" Time="151337">CalculateField estrutura_Ribeira REGIME_TEC "Não Determinado" VB #</Process><Process ToolSource="C:\Program Files (x86)\ArcGIS\Desktop10.0\ArcToolbox\Toolboxes\Data Management Tools.tbx\Project" Date="20121015" Time="085742">Project estrutura_Ribeira "D:\Folha Cerro Azul\Layout_Mariane\Ribeira\commondata\data5\estrutura_Ribeira_v1.shp" GEOGCS['GCS_WGS_1984',DATUM['D_WGS_1984',SPHEROID['WGS_1984',6378137.0,298.257223563]],PRIMEM['Greenwich',0.0],UNIT['Degree',0.0174532925199433]] # PROJCS['WGS_1984_UTM_Zone_22S',GEOGCS['GCS_WGS_1984',DATUM['D_WGS_1984',SPHEROID['WGS_1984',6378137.0,298.257223563]],PRIMEM['Greenwich',0.0],UNIT['Degree',0.0174532925199433]],PROJECTION['Transverse_Mercator'],PARAMETER['False_Easting',500000.0],PARAMETER['False_Northing',10000000.0],PARAMETER['Central_Meridian',-51.0],PARAMETER['Scale_Factor',0.9996],PARAMETER['Latitude_Of_Origin',0.0],UNIT['Meter',1.0]]</Process><Process ToolSource="c:\program files (x86)\arcgis\desktop10.0\ArcToolbox\Toolboxes\Analysis Tools.tbx\Erase" Date="20121130" Time="090410">Erase estrutura_Ribeira_v1 massa_de_agua "C:\Folha Cerro Azul\Ribeira\Estrutura Ribeira\estrutura_Ribeira_novembro_2012.shp" #</Process><Process ToolSource="C:\Program Files (x86)\ArcGIS\Desktop10.0\ArcToolbox\Toolboxes\Data Management Tools.tbx\CalculateField" Date="20121130" Time="144938">CalculateField estrutura_Ribeira_novembro_2012 REGIME_TEC "Transcorrente" VB #</Process><Process ToolSource="C:\Program Files (x86)\ArcGIS\Desktop10.0\ArcToolbox\Toolboxes\Data Management Tools.tbx\CalculateField" Date="20121130" Time="145005">CalculateField estrutura_Ribeira_novembro_2012 REGIME_TEC "Transcorrente" VB #</Process><Process ToolSource="C:\Program Files (x86)\ArcGIS\Desktop10.0\ArcToolbox\Toolboxes\Data Management Tools.tbx\CalculateField" Date="20121130" Time="145020">CalculateField estrutura_Ribeira_novembro_2012 REGIME_TEC "Extensional" VB #</Process><Process ToolSource="C:\Program Files (x86)\ArcGIS\Desktop10.0\ArcToolbox\Toolboxes\Data Management Tools.tbx\CalculateField" Date="20130122" Time="101158">CalculateField Estrutural_UTM TIPO_ESTRU "15 - Falha ou fratura" VB #</Process><Process ToolSource="C:\Program Files (x86)\ArcGIS\Desktop10.0\ArcToolbox\Toolboxes\Data Management Tools.tbx\Merge" Date="20140204" Time="094408">Merge Estrutural_Ribeira;'Estrutural_Vila Branca' "D:\Recursos Minerais SUREG SP\Folha Cerro Azul 100000\Estruturas\Estrutural_Cerro Azul Norte.shp" "Id "Id" true true false 6 Long 0 6 ,First,#,Estrutural_Ribeira,Id,-1,-1;TIPO_ESTRU "TIPO_ESTRU" true true false 100 Text 0 0 ,First,#,Estrutural_Ribeira,TIPO_ESTRU,-1,-1,Estrutural_Vila Branca,TIPO_ESTRU,-1,-1;NMESTRUTU "NMESTRUTU" true true false 100 Text 0 0 ,First,#,Estrutural_Ribeira,NMESTRUTU,-1,-1,Estrutural_Vila Branca,NMESTRUTU,-1,-1;SENTIDODE_ "SENTIDODE_" true true false 50 Text 0 0 ,First,#,Estrutural_Ribeira,SENTIDODE_,-1,-1,Estrutural_Vila Branca,SENTIDODE_,-1,-1;ANG_NORTE "ANG_NORTE" true true false 4 Short 0 4 ,First,#,Estrutural_Ribeira,ANG_NORTE,-1,-1,Estrutural_Vila Branca,ANG_NORTE,-1,-1;MERGULHO "MERGULHO" true true false 4 Short 0 4 ,First,#,Estrutural_Ribeira,MERGULHO,-1,-1,Estrutural_Vila Branca,MERGULHO,-1,-1;RUMO "RUMO" true true false 2 Text 0 0 ,First,#,Estrutural_Ribeira,RUMO,-1,-1,Estrutural_Vila Branca,RUMO,-1,-1;DESLOC_ "DESLOC_" true true false 30 Text 0 0 ,First,#,Estrutural_Ribeira,DESLOC_,-1,-1;IDADE_DESL "IDADE_DESL" true true false 4 Short 0 4 ,First,#,Estrutural_Ribeira,IDADE_DESL,-1,-1,Estrutural_Vila Branca,IDADE_DESL,-1,-1;ORIGEM "ORIGEM" true true false 60 Text 0 0 ,First,#,Estrutural_Ribeira,ORIGEM,-1,-1,Estrutural_Vila Branca,ORIGEM,-1,-1;REGIME_TEC "REGIME_TEC" true true false 50 Text 0 0 ,First,#,Estrutural_Ribeira,REGIME_TEC,-1,-1,Estrutural_Vila Branca,REGIME_TEC,-1,-1;EVENTO_ORO "EVENTO_ORO" true true false 100 Text 0 0 ,First,#,Estrutural_Ribeira,EVENTO_ORO,-1,-1,Estrutural_Vila Branca,EVENTO_ORO,-1,-1;DESLOC "DESLOC" true true false 50 Text 0 0 ,First,#,Estrutural_Vila Branca,DESLOC,-1,-1"</Process><Process ToolSource="c:\program files (x86)\arcgis\desktop10.6\ArcToolbox\Toolboxes\Data Management Tools.tbx\Project" Date="20190923" Time="134021">Project Estrutural "S:\gerinf\DIGEOP\Atividades_2019\Estagiarios_2019\Cassio\02.Mapas_Andamento\Cerro Azul\00.Pasta_projetos\Estrutura\Cerro_Azul_estrutura.shp" GEOGCS['GCS_SIRGAS_2000',DATUM['D_SIRGAS_2000',SPHEROID['GRS_1980',6378137.0,298.257222101]],PRIMEM['Greenwich',0.0],UNIT['Degree',0.0174532925199433]] SIRGAS_2000_To_WGS_1984_1 GEOGCS['GCS_WGS_1984',DATUM['D_WGS_1984',SPHEROID['WGS_1984',6378137.0,298.257223563]],PRIMEM['Greenwich',0.0],UNIT['Degree',0.0174532925199433]] NO_PRESERVE_SHAPE # NO_VERTICAL</Process><Process ToolSource="c:\program files (x86)\arcgis\desktop10.8\ArcToolbox\Toolboxes\Data Management Tools.tbx\Merge" Date="20230620" Time="135939">Merge 'New Group Layer\cerro_azul_estrutura' "D:\CASSIO\CPRM_TRABALHOS\12-Att-1-100000\Metalogenia das Provincias Minerais do Brasil - Rochas Alcalinas Areas de Registro, Iguape e Cerro Azul\Cerro Azul\Estrutura\cerro_azul_estrutura1.shp" "TIPO_ESTRU "TIPO_ESTRU" true true false 100 Text 0 0 ,First,#,New Group Layer\cerro_azul_estrutura,TIPO_ESTRU,-1,-1;NOME_ESTRU "NOME_ESTRU" true true false 100 Text 0 0 ,First,#,New Group Layer\cerro_azul_estrutura,NMESTRUTU,-1,-1;SENTIDODE_ "SENTIDODE_" true true false 50 Text 0 0 ,First,#,New Group Layer\cerro_azul_estrutura,SENTIDODE_,-1,-1;ANG_NORTE "ANG_NORTE" true true false 10 Long 0 10 ,First,#,New Group Layer\cerro_azul_estrutura,ANG_NORTE,-1,-1;MERGULHO "MERGULHO" true true false 10 Long 0 10 ,First,#,New Group Layer\cerro_azul_estrutura,MERGULHO,-1,-1;RUMO "RUMO" true true false 2 Text 0 0 ,First,#,New Group Layer\cerro_azul_estrutura,RUMO,-1,-1;DESLOC_ "DESLOC_" true true false 30 Text 0 0 ,First,#,New Group Layer\cerro_azul_estrutura,DESLOC_,-1,-1;IDADE_DESL "IDADE_DESL" true true false 10 Long 0 10 ,First,#,New Group Layer\cerro_azul_estrutura,IDADE_DESL,-1,-1;ORIGEM "ORIGEM" true true false 60 Text 0 0 ,First,#,New Group Layer\cerro_azul_estrutura,ORIGEM,-1,-1;REGIME_TEC "REGIME_TEC" true true false 50 Text 0 0 ,First,#,New Group Layer\cerro_azul_estrutura,REGIME_TEC,-1,-1;EVENTO_ORO "EVENTO_ORO" true true false 100 Text 0 0 ,First,#,New Group Layer\cerro_azul_estrutura,EVENTO_ORO,-1,-1;DESLOC "DESLOC" true true false 50 Text 0 0 ,First,#,New Group Layer\cerro_azul_estrutura,DESLOC,-1,-1"</Process></lineage><itemProps><itemLocation><linkage Sync="TRUE">file://\\DESKTOP-P3BIJE7\D$\CASSIO\CPRM_TRABALHOS\12-Att-1-100000\Metalogenia das Provincias Minerais do Brasil - Rochas Alcalinas Areas de Registro, Iguape e Cerro Azul\Cerro Azul\Estrutura\cerro_azul_estrutura1.shp</linkage><protocol Sync="TRUE">Local Area Network</protocol></itemLocation><itemName Sync="TRUE">cerro_azul_estrutura1</itemName><imsContentType Sync="TRUE">002</imsContentType><itemSize Sync="TRUE">0.000</itemSize></itemProps><copyHistory><copy source="D:\Recursos Minerais SUREG SP\Folha Cerro Azul 100000 - Final\Estruturas\Estrutural_Cerro Azul_100000" dest="\\MARIANEBRUMATTI\D$\Recursos Minerais SUREG SP\Layouts_Metalogenia_Dez-14_Revisao\Layout_Geologia_Folha Cerro Azul_Ver10_Revisao\commondata\data6\Estrutural_Cerro Azul_100000" date="20150212" time="07444900"></copy></copyHistory><coordRef><type Sync="TRUE">Geographic</type><geogcsn Sync="TRUE">GCS_SIRGAS_2000</geogcsn><csUnits Sync="TRUE">Angular Unit: Degree (0.017453)</csUnits><peXml Sync="TRUE">&lt;GeographicCoordinateSystem xsi:type='typens:GeographicCoordinateSystem' xmlns:xsi='http://www.w3.org/2001/XMLSchema-instance' xmlns:xs='http://www.w3.org/2001/XMLSchema' xmlns:typens='http://www.esri.com/schemas/ArcGIS/10.7'&gt;&lt;WKT&gt;GEOGCS[&amp;quot;GCS_SIRGAS_2000&amp;quot;,DATUM[&amp;quot;D_SIRGAS_2000&amp;quot;,SPHEROID[&amp;quot;GRS_1980&amp;quot;,6378137.0,298.257222101]],PRIMEM[&amp;quot;Greenwich&amp;quot;,0.0],UNIT[&amp;quot;Degree&amp;quot;,0.0174532925199433],AUTHORITY[&amp;quot;EPSG&amp;quot;,4674]]&lt;/WKT&gt;&lt;XOrigin&gt;-400&lt;/XOrigin&gt;&lt;YOrigin&gt;-400&lt;/YOrigin&gt;&lt;XYScale&gt;11258999068426.238&lt;/XYScale&gt;&lt;ZOrigin&gt;-100000&lt;/ZOrigin&gt;&lt;ZScale&gt;10000&lt;/ZScale&gt;&lt;MOrigin&gt;-100000&lt;/MOrigin&gt;&lt;MScale&gt;10000&lt;/MScale&gt;&lt;XYTolerance&gt;8.9831528411952133e-09&lt;/XYTolerance&gt;&lt;ZTolerance&gt;0.001&lt;/ZTolerance&gt;&lt;MTolerance&gt;0.001&lt;/MTolerance&gt;&lt;HighPrecision&gt;true&lt;/HighPrecision&gt;&lt;LeftLongitude&gt;-180&lt;/LeftLongitude&gt;&lt;WKID&gt;4674&lt;/WKID&gt;&lt;LatestWKID&gt;4674&lt;/LatestWKID&gt;&lt;/GeographicCoordinateSystem&gt;</peXml></coordRef></DataProperties><SyncDate>20230620</SyncDate><SyncTime>13593700</SyncTime><ModDate>20230620</ModDate><ModTime>13593700</ModTime><ArcGISFormat>1.0</ArcGISFormat></Esri><dataIdInfo><envirDesc Sync="TRUE"> Version 6.2 (Build 9200) ; Esri ArcGIS 10.8.0.12790</envirDesc><dataLang><languageCode value="por" Sync="TRUE" country="BRA"></languageCode><countryCode value="BRA" Sync="TRUE"></countryCode></dataLang><idCitation><resTitle Sync="TRUE">cerro_azul_estrutura1</resTitle><presForm><PresFormCd value="005" Sync="TRUE"></PresFormCd></presForm></idCitation><spatRpType><SpatRepTypCd value="001" Sync="TRUE"></SpatRepTypCd></spatRpType><descKeys><thesaName uuidref="723f6998-058e-11dc-8314-0800200c9a66"></thesaName><keyword Sync="TRUE">002</keyword></descKeys></dataIdInfo><mdLang><languageCode value="por" Sync="TRUE"></languageCode><countryCode value="BRA" Sync="TRUE"></countryCode></mdLang><mdChar><CharSetCd value="004" Sync="TRUE"></CharSetCd></mdChar><distInfo><distFormat><formatName Sync="TRUE">Shapefile</formatName></distFormat><distTranOps><transSize Sync="TRUE">0.000</transSize></distTranOps></distInfo><mdHrLv><ScopeCd value="005" Sync="TRUE"></ScopeCd></mdHrLv><mdHrLvName Sync="TRUE">dataset</mdHrLvName><refSysInfo><RefSystem><refSysID><identCode code="4674" Sync="TRUE"></identCode><idCodeSpace Sync="TRUE">EPSG</idCodeSpace><idVersion Sync="TRUE">9.7(9.2.0)</idVersion></refSysID></RefSystem></refSysInfo><spatRepInfo><VectSpatRep><geometObjs Name="cerro_azul_estrutura1"><geoObjTyp><GeoObjTypCd value="002" Sync="TRUE"></GeoObjTypCd></geoObjTyp><geoObjCnt Sync="TRUE">0</geoObjCnt></geometObjs><topLvl><TopoLevCd value="001" Sync="TRUE"></TopoLevCd></topLvl></VectSpatRep></spatRepInfo><spdoinfo><ptvctinf><esriterm Name="cerro_azul_estrutura1"><efeatyp Sync="TRUE">Simple</efeatyp><efeageom code="3" Sync="TRUE"></efeageom><esritopo Sync="TRUE">FALSE</esritopo><efeacnt Sync="TRUE">0</efeacnt><spindex Sync="TRUE">FALSE</spindex><linrefer Sync="TRUE">FALSE</linrefer></esriterm></ptvctinf></spdoinfo><eainfo><detailed Name="cerro_azul_estrutura1"><enttyp><enttypl Sync="TRUE">cerro_azul_estrutura1</enttypl><enttypt Sync="TRUE">Feature Class</enttypt><enttypc Sync="TRUE">0</enttypc></enttyp><attr><attrlabl Sync="TRUE">FID</attrlabl><attalias Sync="TRUE">FID</attalias><attrtype Sync="TRUE">OID</attrtype><attwidth Sync="TRUE">4</attwidth><atprecis Sync="TRUE">0</atprecis><attscale Sync="TRUE">0</attscale><attrdef Sync="TRUE">Internal feature number.</attrdef><attrdefs Sync="TRUE">ESRI</attrdefs><attrdomv><udom Sync="TRUE">Sequential unique whole numbers that are automatically generated.</udom></attrdomv></attr><attr><attrlabl Sync="TRUE">Shape</attrlabl><attalias Sync="TRUE">Shape</attalias><attrtype Sync="TRUE">Geometry</attrtype><attwidth Sync="TRUE">0</attwidth><atprecis Sync="TRUE">0</atprecis><attscale Sync="TRUE">0</attscale><attrdef Sync="TRUE">Feature geometry.</attrdef><attrdefs Sync="TRUE">ESRI</attrdefs><attrdomv><udom Sync="TRUE">Coordinates defining the features.</udom></attrdomv></attr><attr><attrlabl Sync="TRUE">TIPO_ESTRU</attrlabl><attalias Sync="TRUE">TIPO_ESTRU</attalias><attrtype Sync="TRUE">String</attrtype><attwidth Sync="TRUE">100</attwidth><atprecis Sync="TRUE">0</atprecis><attscale Sync="TRUE">0</attscale></attr><attr><attrlabl Sync="TRUE">NOME_ESTRU</attrlabl><attalias Sync="TRUE">NOME_ESTRU</attalias><attrtype Sync="TRUE">String</attrtype><attwidth Sync="TRUE">100</attwidth><atprecis Sync="TRUE">0</atprecis><attscale Sync="TRUE">0</attscale></attr><attr><attrlabl Sync="TRUE">SENTIDODE_</attrlabl><attalias Sync="TRUE">SENTIDODE_</attalias><attrtype Sync="TRUE">String</attrtype><attwidth Sync="TRUE">50</attwidth><atprecis Sync="TRUE">0</atprecis><attscale Sync="TRUE">0</attscale></attr><attr><attrlabl Sync="TRUE">ANG_NORTE</attrlabl><attalias Sync="TRUE">ANG_NORTE</attalias><attrtype Sync="TRUE">Integer</attrtype><attwidth Sync="TRUE">10</attwidth><atprecis Sync="TRUE">10</atprecis><attscale Sync="TRUE">0</attscale></attr><attr><attrlabl Sync="TRUE">MERGULHO</attrlabl><attalias Sync="TRUE">MERGULHO</attalias><attrtype Sync="TRUE">Integer</attrtype><attwidth Sync="TRUE">10</attwidth><atprecis Sync="TRUE">10</atprecis><attscale Sync="TRUE">0</attscale></attr><attr><attrlabl Sync="TRUE">RUMO</attrlabl><attalias Sync="TRUE">RUMO</attalias><attrtype Sync="TRUE">String</attrtype><attwidth Sync="TRUE">2</attwidth><atprecis Sync="TRUE">0</atprecis><attscale Sync="TRUE">0</attscale></attr><attr><attrlabl Sync="TRUE">DESLOC_</attrlabl><attalias Sync="TRUE">DESLOC_</attalias><attrtype Sync="TRUE">String</attrtype><attwidth Sync="TRUE">30</attwidth><atprecis Sync="TRUE">0</atprecis><attscale Sync="TRUE">0</attscale></attr><attr><attrlabl Sync="TRUE">IDADE_DESL</attrlabl><attalias Sync="TRUE">IDADE_DESL</attalias><attrtype Sync="TRUE">Integer</attrtype><attwidth Sync="TRUE">10</attwidth><atprecis Sync="TRUE">10</atprecis><attscale Sync="TRUE">0</attscale></attr><attr><attrlabl Sync="TRUE">ORIGEM</attrlabl><attalias Sync="TRUE">ORIGEM</attalias><attrtype Sync="TRUE">String</attrtype><attwidth Sync="TRUE">60</attwidth><atprecis Sync="TRUE">0</atprecis><attscale Sync="TRUE">0</attscale></attr><attr><attrlabl Sync="TRUE">REGIME_TEC</attrlabl><attalias Sync="TRUE">REGIME_TEC</attalias><attrtype Sync="TRUE">String</attrtype><attwidth Sync="TRUE">50</attwidth><atprecis Sync="TRUE">0</atprecis><attscale Sync="TRUE">0</attscale></attr><attr><attrlabl Sync="TRUE">EVENTO_ORO</attrlabl><attalias Sync="TRUE">EVENTO_ORO</attalias><attrtype Sync="TRUE">String</attrtype><attwidth Sync="TRUE">100</attwidth><atprecis Sync="TRUE">0</atprecis><attscale Sync="TRUE">0</attscale></attr><attr><attrlabl Sync="TRUE">DESLOC</attrlabl><attalias Sync="TRUE">DESLOC</attalias><attrtype Sync="TRUE">String</attrtype><attwidth Sync="TRUE">50</attwidth><atprecis Sync="TRUE">0</atprecis><attscale Sync="TRUE">0</attscale></attr></detailed></eainfo><mdDateSt Sync="TRUE">20230620</mdDateSt></metadata>
