<?xml version="1.0" encoding="UTF-8"?>
<metadata xml:lang="pt"><Esri><CreaDate>20131206</CreaDate><CreaTime>09592400</CreaTime><ArcGISFormat>1.0</ArcGISFormat><SyncOnce>TRUE</SyncOnce><DataProperties><itemProps><itemLocation><linkage Sync="TRUE">file://\\CARMO-ELIZABETH\D$\26-11\Itarare\Hidrografia\itarare_bifiliar</linkage><protocol Sync="TRUE">Local Area Network</protocol></itemLocation></itemProps><copyHistory><copy source="D:\26-11\Itarare\Planimetria\itarare_bifiliar" dest="\\CARMO-ELIZABETH\D$\26-11\Itarare\Hidrografia\itarare_bifiliar" date="20131206" time="09592400"></copy></copyHistory><lineage><Process ToolSource="c:\program files (x86)\arcgis\desktop10.2\ArcToolbox\Toolboxes\Data Management Tools.tbx\CalculateField" Date="20131206" Time="100051">CalculateField itarare_bifiliar NOME [Tipo] VB #</Process><Process ToolSource="c:\program files (x86)\arcgis\desktop10.2\ArcToolbox\Toolboxes\Data Management Tools.tbx\CalculateField" Date="20131206" Time="100115">CalculateField itarare_bifiliar TIPO [NOME] VB #</Process><Process ToolSource="c:\program files (x86)\arcgis\desktop10.2\ArcToolbox\Toolboxes\Data Management Tools.tbx\CalculateField" Date="20131206" Time="100120">CalculateField itarare_bifiliar NOME "" VB #</Process><Process ToolSource="c:\program files (x86)\arcgis\desktop10.2\ArcToolbox\Toolboxes\Data Management Tools.tbx\CalculateField" Date="20131206" Time="100154">CalculateField itarare_bifiliar LEGENDA ""Corpos d'água"" VB #</Process></lineage></DataProperties></Esri></metadata>
