<?xml version="1.0" encoding="UTF-8"?>
<metadata xml:lang="pt"><Esri><CreaDate>20131206</CreaDate><CreaTime>10033100</CreaTime><ArcGISFormat>1.0</ArcGISFormat><SyncOnce>TRUE</SyncOnce><DataProperties><lineage><Process ToolSource="c:\program files (x86)\arcgis\desktop10.2\ArcToolbox\Toolboxes\Data Management Tools.tbx\CalculateField" Date="20131206" Time="100331">CalculateField itarare_unifiliar LEGENDA "Drenagem" VB #</Process><Process Name="Calcular Campo" ToolSource="c:\program files (x86)\arcgis\desktop10.8\ArcToolbox\Toolboxes\Data Management Tools.tbx\CalculateField" Date="20230303" Time="163008">CalculateField itarare_unifilar TIPO strOutput VB "strInput = lcase([TIPO])\niPosition = 1\niSpace = ""\nstrOutput = ""\nDo While InStr(iPosition, strInput, " ", 1) &lt;&gt; 0\n        iSpace = InStr(iPosition, strInput, " ", 1)\n        strOutput = strOutput &amp; UCase(Mid(strInput, iPosition, 1))\n        strOutput = strOutput &amp; LCase(Mid(strInput, iPosition + 1, iSpace - iPosition))\n        iPosition = iSpace + 1\n    Loop\n    strOutput = strOutput &amp; UCase(Mid(strInput, iPosition, 1))\n    strOutput = strOutput &amp; LCase(Mid(strInput, iPosition + 1))\n    strOutput = replace(strOutput , " Do "," do ")\n    strOutput = replace(strOutput , " De "," de ")\n    strOutput = replace(strOutput , " Da "," da ")\n    strOutput = replace(strOutput , " Dos "," dos ")\n    strOutput = replace(strOutput , " Ou "," ou ")\n    strOutput = replace(strOutput , " Das "," das ")\n    strOutput = replace(strOutput , " O "," o ")\nstrOutput = replace(strOutput , " Não "," não ")\nstrOutput = replace(strOutput , " E "," e ")\n    strOutput = replace(strOutput , "Igarape","Igarapé")\n"</Process><Process Name="Calcular Campo" ToolSource="c:\program files (x86)\arcgis\desktop10.8\ArcToolbox\Toolboxes\Data Management Tools.tbx\CalculateField" Date="20230303" Time="163008">CalculateField itarare_unifilar tipo strOutput VB "strInput = lcase([TIPO])\niPosition = 1\niSpace = ""\nstrOutput = ""\nDo While InStr(iPosition, strInput, " ", 1) &lt;&gt; 0\n        iSpace = InStr(iPosition, strInput, " ", 1)\n        strOutput = strOutput &amp; UCase(Mid(strInput, iPosition, 1))\n        strOutput = strOutput &amp; LCase(Mid(strInput, iPosition + 1, iSpace - iPosition))\n        iPosition = iSpace + 1\n    Loop\n    strOutput = strOutput &amp; UCase(Mid(strInput, iPosition, 1))\n    strOutput = strOutput &amp; LCase(Mid(strInput, iPosition + 1))\n    strOutput = replace(strOutput , " Do "," do ")\n    strOutput = replace(strOutput , " De "," de ")\n    strOutput = replace(strOutput , " Da "," da ")\n    strOutput = replace(strOutput , " Dos "," dos ")\n    strOutput = replace(strOutput , " Ou "," ou ")\n    strOutput = replace(strOutput , " Das "," das ")\n    strOutput = replace(strOutput , " O "," o ")\nstrOutput = replace(strOutput , " Não "," não ")\nstrOutput = replace(strOutput , " E "," e ")\n    strOutput = replace(strOutput , "Igarape","Igarapé")\n"</Process><Process Name="Calcular Campo" ToolSource="c:\program files (x86)\arcgis\desktop10.8\ArcToolbox\Toolboxes\Data Management Tools.tbx\CalculateField" Date="20230303" Time="163009">CalculateField itarare_unifilar Tipo strOutput VB "strInput = lcase([TIPO])\niPosition = 1\niSpace = ""\nstrOutput = ""\nDo While InStr(iPosition, strInput, " ", 1) &lt;&gt; 0\n        iSpace = InStr(iPosition, strInput, " ", 1)\n        strOutput = strOutput &amp; UCase(Mid(strInput, iPosition, 1))\n        strOutput = strOutput &amp; LCase(Mid(strInput, iPosition + 1, iSpace - iPosition))\n        iPosition = iSpace + 1\n    Loop\n    strOutput = strOutput &amp; UCase(Mid(strInput, iPosition, 1))\n    strOutput = strOutput &amp; LCase(Mid(strInput, iPosition + 1))\n    strOutput = replace(strOutput , " Do "," do ")\n    strOutput = replace(strOutput , " De "," de ")\n    strOutput = replace(strOutput , " Da "," da ")\n    strOutput = replace(strOutput , " Dos "," dos ")\n    strOutput = replace(strOutput , " Ou "," ou ")\n    strOutput = replace(strOutput , " Das "," das ")\n    strOutput = replace(strOutput , " O "," o ")\nstrOutput = replace(strOutput , " Não "," não ")\nstrOutput = replace(strOutput , " E "," e ")\n    strOutput = replace(strOutput , "Igarape","Igarapé")\n"</Process><Process Name="Calcular Campo (2)" ToolSource="c:\program files (x86)\arcgis\desktop10.8\ArcToolbox\Toolboxes\Data Management Tools.tbx\CalculateField" Date="20230303" Time="163009">CalculateField itarare_unifilar NOME strOutput VB "strInput = lcase([NOME])\niPosition = 1\niSpace = ""\nstrOutput = ""\nDo While InStr(iPosition, strInput, " ", 1) &lt;&gt; 0\n        iSpace = InStr(iPosition, strInput, " ", 1)\n        strOutput = strOutput &amp; UCase(Mid(strInput, iPosition, 1))\n        strOutput = strOutput &amp; LCase(Mid(strInput, iPosition + 1, iSpace - iPosition))\n        iPosition = iSpace + 1\n    Loop\n    strOutput = strOutput &amp; UCase(Mid(strInput, iPosition, 1))\n    strOutput = strOutput &amp; LCase(Mid(strInput, iPosition + 1))\n    strOutput = replace(strOutput , " Do "," do ")\n    strOutput = replace(strOutput , " De "," de ")\n    strOutput = replace(strOutput , " Da "," da ")\n    strOutput = replace(strOutput , " Dos "," dos ")\n    strOutput = replace(strOutput , " Ou "," ou ")\n    strOutput = replace(strOutput , " Das "," das ")\n    strOutput = replace(strOutput , " O "," o ")\nstrOutput = replace(strOutput , " Não "," não ")\nstrOutput = replace(strOutput , " E "," e ")\n    strOutput = replace(strOutput , "Igarape","Igarapé")\n"</Process><Process Name="Calcular Campo (2)" ToolSource="c:\program files (x86)\arcgis\desktop10.8\ArcToolbox\Toolboxes\Data Management Tools.tbx\CalculateField" Date="20230303" Time="163010">CalculateField itarare_unifilar nome strOutput VB "strInput = lcase([NOME])\niPosition = 1\niSpace = ""\nstrOutput = ""\nDo While InStr(iPosition, strInput, " ", 1) &lt;&gt; 0\n        iSpace = InStr(iPosition, strInput, " ", 1)\n        strOutput = strOutput &amp; UCase(Mid(strInput, iPosition, 1))\n        strOutput = strOutput &amp; LCase(Mid(strInput, iPosition + 1, iSpace - iPosition))\n        iPosition = iSpace + 1\n    Loop\n    strOutput = strOutput &amp; UCase(Mid(strInput, iPosition, 1))\n    strOutput = strOutput &amp; LCase(Mid(strInput, iPosition + 1))\n    strOutput = replace(strOutput , " Do "," do ")\n    strOutput = replace(strOutput , " De "," de ")\n    strOutput = replace(strOutput , " Da "," da ")\n    strOutput = replace(strOutput , " Dos "," dos ")\n    strOutput = replace(strOutput , " Ou "," ou ")\n    strOutput = replace(strOutput , " Das "," das ")\n    strOutput = replace(strOutput , " O "," o ")\nstrOutput = replace(strOutput , " Não "," não ")\nstrOutput = replace(strOutput , " E "," e ")\n    strOutput = replace(strOutput , "Igarape","Igarapé")\n"</Process><Process Name="Calcular Campo (2)" ToolSource="c:\program files (x86)\arcgis\desktop10.8\ArcToolbox\Toolboxes\Data Management Tools.tbx\CalculateField" Date="20230303" Time="163010">CalculateField itarare_unifilar Nome strOutput VB "strInput = lcase([NOME])\niPosition = 1\niSpace = ""\nstrOutput = ""\nDo While InStr(iPosition, strInput, " ", 1) &lt;&gt; 0\n        iSpace = InStr(iPosition, strInput, " ", 1)\n        strOutput = strOutput &amp; UCase(Mid(strInput, iPosition, 1))\n        strOutput = strOutput &amp; LCase(Mid(strInput, iPosition + 1, iSpace - iPosition))\n        iPosition = iSpace + 1\n    Loop\n    strOutput = strOutput &amp; UCase(Mid(strInput, iPosition, 1))\n    strOutput = strOutput &amp; LCase(Mid(strInput, iPosition + 1))\n    strOutput = replace(strOutput , " Do "," do ")\n    strOutput = replace(strOutput , " De "," de ")\n    strOutput = replace(strOutput , " Da "," da ")\n    strOutput = replace(strOutput , " Dos "," dos ")\n    strOutput = replace(strOutput , " Ou "," ou ")\n    strOutput = replace(strOutput , " Das "," das ")\n    strOutput = replace(strOutput , " O "," o ")\nstrOutput = replace(strOutput , " Não "," não ")\nstrOutput = replace(strOutput , " E "," e ")\n    strOutput = replace(strOutput , "Igarape","Igarapé")\n"</Process></lineage></DataProperties></Esri></metadata>
