<metadata xml:lang="pt"><Esri><CreaDate>20220216</CreaDate><CreaTime>14545800</CreaTime><ArcGISFormat>1.0</ArcGISFormat><SyncOnce>FALSE</SyncOnce><DataProperties><lineage><Process ToolSource="c:\program files\arcgis\pro\Resources\ArcToolbox\toolboxes\Data Management Tools.tbx\CreateFeatureclass" Date="20220216" Time="145352">CreateFeatureclass "C:\0 - Trabalhos DIGEOP (Home)\Arquivos\- Atividades 2022\Base_estruturas.gdb\Camadas" base_estrutura_25k Polyline # No No "GEOGCS["GCS_SIRGAS_2000",DATUM["D_SIRGAS_2000",SPHEROID["GRS_1980",6378137.0,298.257222101]],PRIMEM["Greenwich",0.0],UNIT["Degree",0.0174532925199433]];-400 -400 1000000000;-100000 10000;-100000 10000;8.98315284119521E-09;0.001;0.001;IsHighPrecision" # # # # #</Process><Process ToolSource="c:\program files\arcgis\pro\Resources\ArcToolbox\toolboxes\Data Management Tools.tbx\UpdateSchema" Date="20220216" Time="145354">UpdateSchema "C:\0 - Trabalhos DIGEOP (Home)\Arquivos\- Atividades 2022\Base_estruturas.gdb\Camadas\base_estrutura_25k" &lt;operationSequence&gt;&lt;workflow&gt;&lt;AddField&gt;&lt;field_name&gt;ID_MAPA&lt;/field_name&gt;&lt;field_type&gt;Long&lt;/field_type&gt;&lt;field_alias&gt;ID_MAPA&lt;/field_alias&gt;&lt;field_is_nullable&gt;TRUE&lt;/field_is_nullable&gt;&lt;field_length&gt;4&lt;/field_length&gt;&lt;/AddField&gt;&lt;/workflow&gt;&lt;workflow&gt;&lt;AddField&gt;&lt;field_name&gt;NOME_MAPA&lt;/field_name&gt;&lt;field_type&gt;TEXT&lt;/field_type&gt;&lt;field_alias&gt;NOME_MAPA&lt;/field_alias&gt;&lt;field_is_nullable&gt;TRUE&lt;/field_is_nullable&gt;&lt;field_length&gt;255&lt;/field_length&gt;&lt;/AddField&gt;&lt;/workflow&gt;&lt;workflow&gt;&lt;AddField&gt;&lt;field_name&gt;TIPO_ESTRURA&lt;/field_name&gt;&lt;field_type&gt;TEXT&lt;/field_type&gt;&lt;field_alias&gt;TIPO_ESTRU&lt;/field_alias&gt;&lt;field_is_nullable&gt;TRUE&lt;/field_is_nullable&gt;&lt;field_length&gt;255&lt;/field_length&gt;&lt;/AddField&gt;&lt;/workflow&gt;&lt;workflow&gt;&lt;AddField&gt;&lt;field_name&gt;NMESTRUTURA&lt;/field_name&gt;&lt;field_type&gt;TEXT&lt;/field_type&gt;&lt;field_alias&gt;NMESTRUTU&lt;/field_alias&gt;&lt;field_is_nullable&gt;TRUE&lt;/field_is_nullable&gt;&lt;field_length&gt;255&lt;/field_length&gt;&lt;/AddField&gt;&lt;/workflow&gt;&lt;workflow&gt;&lt;AddField&gt;&lt;field_name&gt;SENTIDO_DESLOCAMENTO&lt;/field_name&gt;&lt;field_type&gt;TEXT&lt;/field_type&gt;&lt;field_alias&gt;SENTIDODE_&lt;/field_alias&gt;&lt;field_is_nullable&gt;TRUE&lt;/field_is_nullable&gt;&lt;field_length&gt;30&lt;/field_length&gt;&lt;/AddField&gt;&lt;/workflow&gt;&lt;workflow&gt;&lt;AddField&gt;&lt;field_name&gt;ANG_NORTE&lt;/field_name&gt;&lt;field_type&gt;Short&lt;/field_type&gt;&lt;field_alias&gt;ANG_NORTE&lt;/field_alias&gt;&lt;field_is_nullable&gt;TRUE&lt;/field_is_nullable&gt;&lt;field_length&gt;2&lt;/field_length&gt;&lt;/AddField&gt;&lt;/workflow&gt;&lt;workflow&gt;&lt;AddField&gt;&lt;field_name&gt;MERGULHO&lt;/field_name&gt;&lt;field_type&gt;Short&lt;/field_type&gt;&lt;field_alias&gt;MERGULHO&lt;/field_alias&gt;&lt;field_is_nullable&gt;TRUE&lt;/field_is_nullable&gt;&lt;field_length&gt;2&lt;/field_length&gt;&lt;/AddField&gt;&lt;/workflow&gt;&lt;workflow&gt;&lt;AddField&gt;&lt;field_name&gt;RUMO&lt;/field_name&gt;&lt;field_type&gt;TEXT&lt;/field_type&gt;&lt;field_alias&gt;RUMO&lt;/field_alias&gt;&lt;field_is_nullable&gt;TRUE&lt;/field_is_nullable&gt;&lt;field_length&gt;4&lt;/field_length&gt;&lt;/AddField&gt;&lt;/workflow&gt;&lt;workflow&gt;&lt;AddField&gt;&lt;field_name&gt;DESLOC&lt;/field_name&gt;&lt;field_type&gt;TEXT&lt;/field_type&gt;&lt;field_alias&gt;DESLOC&lt;/field_alias&gt;&lt;field_is_nullable&gt;TRUE&lt;/field_is_nullable&gt;&lt;field_length&gt;50&lt;/field_length&gt;&lt;/AddField&gt;&lt;/workflow&gt;&lt;workflow&gt;&lt;AddField&gt;&lt;field_name&gt;IDADE_DESL&lt;/field_name&gt;&lt;field_type&gt;Short&lt;/field_type&gt;&lt;field_alias&gt;IDADE_DESL&lt;/field_alias&gt;&lt;field_is_nullable&gt;TRUE&lt;/field_is_nullable&gt;&lt;field_length&gt;2&lt;/field_length&gt;&lt;/AddField&gt;&lt;/workflow&gt;&lt;workflow&gt;&lt;AddField&gt;&lt;field_name&gt;ORIGEM&lt;/field_name&gt;&lt;field_type&gt;TEXT&lt;/field_type&gt;&lt;field_alias&gt;ORIGEM&lt;/field_alias&gt;&lt;field_is_nullable&gt;TRUE&lt;/field_is_nullable&gt;&lt;field_length&gt;50&lt;/field_length&gt;&lt;/AddField&gt;&lt;/workflow&gt;&lt;workflow&gt;&lt;AddField&gt;&lt;field_name&gt;REGIME_TEC&lt;/field_name&gt;&lt;field_type&gt;TEXT&lt;/field_type&gt;&lt;field_alias&gt;REGIME_TEC&lt;/field_alias&gt;&lt;field_is_nullable&gt;TRUE&lt;/field_is_nullable&gt;&lt;field_length&gt;30&lt;/field_length&gt;&lt;/AddField&gt;&lt;/workflow&gt;&lt;workflow&gt;&lt;AddField&gt;&lt;field_name&gt;EVENTO_ORO&lt;/field_name&gt;&lt;field_type&gt;TEXT&lt;/field_type&gt;&lt;field_alias&gt;EVENTO_ORO&lt;/field_alias&gt;&lt;field_is_nullable&gt;TRUE&lt;/field_is_nullable&gt;&lt;field_length&gt;100&lt;/field_length&gt;&lt;/AddField&gt;&lt;/workflow&gt;&lt;workflow&gt;&lt;AddField&gt;&lt;field_name&gt;COD_FOLHA&lt;/field_name&gt;&lt;field_type&gt;TEXT&lt;/field_type&gt;&lt;field_alias&gt;COD_FOLHA&lt;/field_alias&gt;&lt;field_is_nullable&gt;TRUE&lt;/field_is_nullable&gt;&lt;field_length&gt;255&lt;/field_length&gt;&lt;/AddField&gt;&lt;/workflow&gt;&lt;workflow&gt;&lt;AddField&gt;&lt;field_name&gt;GRUPO&lt;/field_name&gt;&lt;field_type&gt;Long&lt;/field_type&gt;&lt;field_alias&gt;GRUPO&lt;/field_alias&gt;&lt;field_is_nullable&gt;TRUE&lt;/field_is_nullable&gt;&lt;field_length&gt;4&lt;/field_length&gt;&lt;/AddField&gt;&lt;/workflow&gt;&lt;workflow&gt;&lt;AddField&gt;&lt;field_name&gt;ESCALA&lt;/field_name&gt;&lt;field_type&gt;Long&lt;/field_type&gt;&lt;field_alias&gt;ESCALA&lt;/field_alias&gt;&lt;field_is_nullable&gt;TRUE&lt;/field_is_nullable&gt;&lt;field_length&gt;4&lt;/field_length&gt;&lt;/AddField&gt;&lt;/workflow&gt;&lt;/operationSequence&gt;</Process><Process ToolSource="c:\program files\arcgis\pro\Resources\ArcToolbox\toolboxes\Data Management Tools.tbx\UpdateSchema" Date="20220216" Time="145355">UpdateSchema "C:\0 - Trabalhos DIGEOP (Home)\Arquivos\- Atividades 2022\Base_estruturas.gdb\Camadas\base_estrutura_25k" &lt;operationSequence&gt;&lt;workflow&gt;&lt;AlterField&gt;&lt;field_name&gt;OBJECTID&lt;/field_name&gt;&lt;field_alias&gt;OBJECTID&lt;/field_alias&gt;&lt;/AlterField&gt;&lt;/workflow&gt;&lt;workflow&gt;&lt;AlterField&gt;&lt;field_name&gt;SHAPE&lt;/field_name&gt;&lt;field_alias&gt;SHAPE&lt;/field_alias&gt;&lt;/AlterField&gt;&lt;/workflow&gt;&lt;/operationSequence&gt;</Process><Process ToolSource="c:\program files\arcgis\pro\Resources\ArcToolbox\toolboxes\Data Management Tools.tbx\CopyMultiple" Date="20220216" Time="145458">CopyMultiple "'C:\0 - Trabalhos DIGEOP (Home)\Arquivos\- Atividades 2022\Base_estruturas.gdb\Camadas\base_estrutura_25k' FeatureClass" "C:\0 - Trabalhos DIGEOP (Home)\Arquivos\- Atividades 2022\Base_estruturas.gdb\Camadas" base_estrutura_25k_1 "base_estrutura_25k FeatureClass base_estrutura_25k_1 #"</Process><Process ToolSource="c:\program files\arcgis\pro\Resources\ArcToolbox\toolboxes\Data Management Tools.tbx\Rename" Date="20220216" Time="145512">Rename "C:\0 - Trabalhos DIGEOP (Home)\Arquivos\- Atividades 2022\Base_estruturas.gdb\Camadas\base_estrutura_25k_1" "C:\0 - Trabalhos DIGEOP (Home)\Arquivos\- Atividades 2022\Base_estruturas.gdb\Camadas\base_estrutura_100k" FeatureClass</Process><Process ToolSource="c:\program files\arcgis\pro\Resources\ArcToolbox\toolboxes\Data Management Tools.tbx\Append" Date="20220217" Time="095421">Append C:\1-Excluir\Vetores_250k\sig_alvorada\Alvorada\Estrutura\alvorada_estrutura.shp "C:\0 - Trabalhos DIGEOP (Home)\Arquivos\- Atividades 2022\Base_estruturas.gdb\Camadas\base_estrutura_100k" "Use the field map to reconcile field differences" "ID_MAPA "ID_MAPA" true true false 4 Long 0 0,First,#,C:\1-Excluir\Vetores_250k\sig_alvorada\Alvorada\Estrutura\alvorada_estrutura.shp,ID_MAPA,-1,-1;NOME_MAPA "NOME_MAPA" true true false 255 Text 0 0,First,#,C:\1-Excluir\Vetores_250k\sig_alvorada\Alvorada\Estrutura\alvorada_estrutura.shp,NOME_MAPA,0,254;TIPO_ESTRURA "TIPO_ESTRU" true true false 255 Text 0 0,First,#,C:\1-Excluir\Vetores_250k\sig_alvorada\Alvorada\Estrutura\alvorada_estrutura.shp,TIPO_ESTRU,0,254;NMESTRUTURA "NMESTRUTU" true true false 255 Text 0 0,First,#,C:\1-Excluir\Vetores_250k\sig_alvorada\Alvorada\Estrutura\alvorada_estrutura.shp,NMESTRUTUR,0,254;SENTIDO_DESLOCAMENTO "SENTIDODE_" true true false 30 Text 0 0,First,#;ANG_NORTE "ANG_NORTE" true true false 2 Short 0 0,First,#,C:\1-Excluir\Vetores_250k\sig_alvorada\Alvorada\Estrutura\alvorada_estrutura.shp,ANG_NORTE,-1,-1;MERGULHO "MERGULHO" true true false 2 Short 0 0,First,#,C:\1-Excluir\Vetores_250k\sig_alvorada\Alvorada\Estrutura\alvorada_estrutura.shp,MERGULHO,-1,-1;RUMO "RUMO" true true false 4 Text 0 0,First,#,C:\1-Excluir\Vetores_250k\sig_alvorada\Alvorada\Estrutura\alvorada_estrutura.shp,RUMO,0,4;DESLOC "DESLOC" true true false 50 Text 0 0,First,#,C:\1-Excluir\Vetores_250k\sig_alvorada\Alvorada\Estrutura\alvorada_estrutura.shp,DESLOC,0,50;IDADE_DESL "IDADE_DESL" true true false 2 Short 0 0,First,#,C:\1-Excluir\Vetores_250k\sig_alvorada\Alvorada\Estrutura\alvorada_estrutura.shp,IDADE_DESL,-1,-1;ORIGEM "ORIGEM" true true false 50 Text 0 0,First,#,C:\1-Excluir\Vetores_250k\sig_alvorada\Alvorada\Estrutura\alvorada_estrutura.shp,ORIGEM,0,50;REGIME_TEC "REGIME_TEC" true true false 30 Text 0 0,First,#,C:\1-Excluir\Vetores_250k\sig_alvorada\Alvorada\Estrutura\alvorada_estrutura.shp,REGIME_TEC,0,30;EVENTO_ORO "EVENTO_ORO" true true false 100 Text 0 0,First,#,C:\1-Excluir\Vetores_250k\sig_alvorada\Alvorada\Estrutura\alvorada_estrutura.shp,EVENTO_ORO,0,100;COD_FOLHA "COD_FOLHA" true true false 255 Text 0 0,First,#,C:\1-Excluir\Vetores_250k\sig_alvorada\Alvorada\Estrutura\alvorada_estrutura.shp,COD_FOLHA,0,254;GRUPO "GRUPO" true true false 4 Long 0 0,First,#,C:\1-Excluir\Vetores_250k\sig_alvorada\Alvorada\Estrutura\alvorada_estrutura.shp,GRUPO,-1,-1;ESCALA "ESCALA" true true false 4 Long 0 0,First,#,C:\1-Excluir\Vetores_250k\sig_alvorada\Alvorada\Estrutura\alvorada_estrutura.shp,ESCALA,-1,-1" # #</Process><Process ToolSource="c:\program files\arcgis\pro\Resources\ArcToolbox\toolboxes\Data Management Tools.tbx\Append" Date="20220325" Time="124309">Append Abuna_estrutura_linear "C:\0 - Trabalhos DIGEOP (Home)\Arquivos\- Atividades 2022\Base_estruturas.gdb\Camadas\base_estrutura_100k" "Use the field map to reconcile field differences" "ID_MAPA "ID_MAPA" true true false 4 Long 0 0,First,#;NOME_MAPA "NOME_MAPA" true true false 255 Text 0 0,First,#;TIPO_ESTRURA "TIPO_ESTRU" true true false 255 Text 0 0,First,#,Abuna_estrutura_linear,TIPO_ESTRU,0,250;NMESTRUTURA "NMESTRUTU" true true false 255 Text 0 0,First,#;SENTIDO_DESLOCAMENTO "SENTIDODE_" true true false 30 Text 0 0,First,#;ANG_NORTE "ANG_NORTE" true true false 2 Short 0 0,First,#;MERGULHO "MERGULHO" true true false 2 Short 0 0,First,#;RUMO "RUMO" true true false 4 Text 0 0,First,#;DESLOC "DESLOC" true true false 50 Text 0 0,First,#;IDADE_DESL "IDADE_DESL" true true false 2 Short 0 0,First,#;ORIGEM "ORIGEM" true true false 50 Text 0 0,First,#;REGIME_TEC "REGIME_TEC" true true false 30 Text 0 0,First,#;EVENTO_ORO "EVENTO_ORO" true true false 100 Text 0 0,First,#;COD_FOLHA "COD_FOLHA" true true false 255 Text 0 0,First,#;GRUPO "GRUPO" true true false 4 Long 0 0,First,#;ESCALA "ESCALA" true true false 4 Long 0 0,First,#" # #</Process><Process ToolSource="c:\program files\arcgis\pro\Resources\ArcToolbox\toolboxes\Data Management Tools.tbx\CalculateField" Date="20220325" Time="130607">CalculateField base_estrutura_100k ID_MAPA 1393 "Python 3" # Text NO_ENFORCE_DOMAINS</Process><Process ToolSource="c:\program files\arcgis\pro\Resources\ArcToolbox\toolboxes\Data Management Tools.tbx\Append" Date="20220325" Time="141614">Append vila_murtinho_estrutura_linear "C:\0 - Trabalhos DIGEOP (Home)\Arquivos\- Atividades 2022\Base_estruturas.gdb\Camadas\base_estrutura_100k" "Use the field map to reconcile field differences" "ID_MAPA "ID_MAPA" true true false 4 Long 0 0,First,#;NOME_MAPA "NOME_MAPA" true true false 255 Text 0 0,First,#;TIPO_ESTRURA "TIPO_ESTRU" true true false 255 Text 0 0,First,#,vila_murtinho_estrutura_linear,TIPO_ESTRU,0,250;NMESTRUTURA "NMESTRUTU" true true false 255 Text 0 0,First,#;SENTIDO_DESLOCAMENTO "SENTIDODE_" true true false 30 Text 0 0,First,#;ANG_NORTE "ANG_NORTE" true true false 2 Short 0 0,First,#;MERGULHO "MERGULHO" true true false 2 Short 0 0,First,#;RUMO "RUMO" true true false 4 Text 0 0,First,#;DESLOC "DESLOC" true true false 50 Text 0 0,First,#;IDADE_DESL "IDADE_DESL" true true false 2 Short 0 0,First,#;ORIGEM "ORIGEM" true true false 50 Text 0 0,First,#;REGIME_TEC "REGIME_TEC" true true false 30 Text 0 0,First,#;EVENTO_ORO "EVENTO_ORO" true true false 100 Text 0 0,First,#;COD_FOLHA "COD_FOLHA" true true false 255 Text 0 0,First,#;GRUPO "GRUPO" true true false 4 Long 0 0,First,#;ESCALA "ESCALA" true true false 4 Long 0 0,First,#" # #</Process><Process ToolSource="c:\program files\arcgis\pro\Resources\ArcToolbox\toolboxes\Data Management Tools.tbx\CalculateField" Date="20220325" Time="142024">CalculateField base_estrutura_100k ID_MAPA 1390 "Python 3" # Text NO_ENFORCE_DOMAINS</Process><Process ToolSource="c:\program files\arcgis\pro\Resources\ArcToolbox\toolboxes\Data Management Tools.tbx\Append" Date="20220325" Time="142121">Append Mutumparana_estrutura_linear "C:\0 - Trabalhos DIGEOP (Home)\Arquivos\- Atividades 2022\Base_estruturas.gdb\Camadas\base_estrutura_100k" "Use the field map to reconcile field differences" "ID_MAPA "ID_MAPA" true true false 4 Long 0 0,First,#;NOME_MAPA "NOME_MAPA" true true false 255 Text 0 0,First,#;TIPO_ESTRURA "TIPO_ESTRU" true true false 255 Text 0 0,First,#,Mutumparana_estrutura_linear,TIPO_ESTRU,0,250;NMESTRUTURA "NMESTRUTU" true true false 255 Text 0 0,First,#;SENTIDO_DESLOCAMENTO "SENTIDODE_" true true false 30 Text 0 0,First,#;ANG_NORTE "ANG_NORTE" true true false 2 Short 0 0,First,#;MERGULHO "MERGULHO" true true false 2 Short 0 0,First,#;RUMO "RUMO" true true false 4 Text 0 0,First,#;DESLOC "DESLOC" true true false 50 Text 0 0,First,#;IDADE_DESL "IDADE_DESL" true true false 2 Short 0 0,First,#;ORIGEM "ORIGEM" true true false 50 Text 0 0,First,#;REGIME_TEC "REGIME_TEC" true true false 30 Text 0 0,First,#;EVENTO_ORO "EVENTO_ORO" true true false 100 Text 0 0,First,#;COD_FOLHA "COD_FOLHA" true true false 255 Text 0 0,First,#;GRUPO "GRUPO" true true false 4 Long 0 0,First,#;ESCALA "ESCALA" true true false 4 Long 0 0,First,#" # #</Process><Process ToolSource="c:\program files\arcgis\pro\Resources\ArcToolbox\toolboxes\Data Management Tools.tbx\Append" Date="20220325" Time="142143">Append ig_agua_azul_estrutura_linear "C:\0 - Trabalhos DIGEOP (Home)\Arquivos\- Atividades 2022\Base_estruturas.gdb\Camadas\base_estrutura_100k" "Use the field map to reconcile field differences" "ID_MAPA "ID_MAPA" true true false 4 Long 0 0,First,#;NOME_MAPA "NOME_MAPA" true true false 255 Text 0 0,First,#;TIPO_ESTRURA "TIPO_ESTRU" true true false 255 Text 0 0,First,#,Mutumparana_estrutura_linear,TIPO_ESTRU,0,250;NMESTRUTURA "NMESTRUTU" true true false 255 Text 0 0,First,#;SENTIDO_DESLOCAMENTO "SENTIDODE_" true true false 30 Text 0 0,First,#;ANG_NORTE "ANG_NORTE" true true false 2 Short 0 0,First,#;MERGULHO "MERGULHO" true true false 2 Short 0 0,First,#;RUMO "RUMO" true true false 4 Text 0 0,First,#;DESLOC "DESLOC" true true false 50 Text 0 0,First,#;IDADE_DESL "IDADE_DESL" true true false 2 Short 0 0,First,#;ORIGEM "ORIGEM" true true false 50 Text 0 0,First,#;REGIME_TEC "REGIME_TEC" true true false 30 Text 0 0,First,#;EVENTO_ORO "EVENTO_ORO" true true false 100 Text 0 0,First,#;COD_FOLHA "COD_FOLHA" true true false 255 Text 0 0,First,#;GRUPO "GRUPO" true true false 4 Long 0 0,First,#;ESCALA "ESCALA" true true false 4 Long 0 0,First,#" # #</Process><Process ToolSource="c:\program files\arcgis\pro\Resources\ArcToolbox\toolboxes\Data Management Tools.tbx\CalculateField" Date="20220325" Time="142232">CalculateField base_estrutura_100k ID_MAPA 1392 "Python 3" # Text NO_ENFORCE_DOMAINS</Process><Process ToolSource="c:\program files\arcgis\pro\Resources\ArcToolbox\toolboxes\Data Management Tools.tbx\CalculateField" Date="20220325" Time="142316">CalculateField base_estrutura_100k ID_MAPA 1391 "Python 3" # Text NO_ENFORCE_DOMAINS</Process><Process ToolSource="c:\program files\arcgis\pro\Resources\ArcToolbox\toolboxes\Data Management Tools.tbx\Append" Date="20220718" Time="153648">Append sobral_estrutura "C:\1_Trabalhos_DIGEOP\Arquivos\- Atividades 2022\Base_estruturas.gdb\Camadas\base_estrutura_100k" "Use the field map to reconcile field differences" "ID_MAPA "ID_MAPA" true true false 4 Long 0 0,First,#;NOME_MAPA "NOME_MAPA" true true false 255 Text 0 0,First,#;TIPO_ESTRURA "TIPO_ESTRU" true true false 255 Text 0 0,First,#,sobral_estrutura,TIPO_ESTRU,0,100;NMESTRUTURA "NMESTRUTU" true true false 255 Text 0 0,First,#,sobral_estrutura,NOME_ESTRU,0,100;SENTIDO_DESLOCAMENTO "SENTIDODE_" true true false 30 Text 0 0,First,#;ANG_NORTE "ANG_NORTE" true true false 2 Short 0 0,First,#;MERGULHO "MERGULHO" true true false 2 Short 0 0,First,#;RUMO "RUMO" true true false 4 Text 0 0,First,#;DESLOC "DESLOC" true true false 50 Text 0 0,First,#;IDADE_DESL "IDADE_DESL" true true false 2 Short 0 0,First,#;ORIGEM "ORIGEM" true true false 50 Text 0 0,First,#,C:\1_Trabalhos_DIGEOP\Arquivos\- Atividades 2022\1-Projetos_Revisados\Contrato CPRM-UFPA\Sobral\Estrutura\sobral_estrutura.shp,ORIGEM,0,50;REGIME_TEC "REGIME_TEC" true true false 30 Text 0 0,First,#,C:\1_Trabalhos_DIGEOP\Arquivos\- Atividades 2022\1-Projetos_Revisados\Contrato CPRM-UFPA\Sobral\Estrutura\sobral_estrutura.shp,REGIME_TEC,0,15;EVENTO_ORO "EVENTO_ORO" true true false 100 Text 0 0,First,#,C:\1_Trabalhos_DIGEOP\Arquivos\- Atividades 2022\1-Projetos_Revisados\Contrato CPRM-UFPA\Sobral\Estrutura\sobral_estrutura.shp,EVENTO_ORO,0,17;COD_FOLHA "COD_FOLHA" true true false 255 Text 0 0,First,#;GRUPO "GRUPO" true true false 4 Long 0 0,First,#;ESCALA "ESCALA" true true false 4 Long 0 0,First,#" # #</Process><Process ToolSource="c:\program files\arcgis\pro\Resources\ArcToolbox\toolboxes\Data Management Tools.tbx\CalculateField" Date="20220718" Time="153844">CalculateField base_estrutura_100k ID_MAPA 482 "Python 3" # Text NO_ENFORCE_DOMAINS</Process><Process ToolSource="c:\program files\arcgis\pro\Resources\ArcToolbox\toolboxes\Data Management Tools.tbx\CalculateField" Date="20220718" Time="153936">CalculateField base_estrutura_100k NOME_MAPA "Carta geológica da folha Sobral - UFPA" "Python 3" # Text NO_ENFORCE_DOMAINS</Process><Process ToolSource="c:\program files\arcgis\pro\Resources\ArcToolbox\toolboxes\Data Management Tools.tbx\CalculateField" Date="20220718" Time="153953">CalculateField base_estrutura_100k ESCALA 100000 "Python 3" # Text NO_ENFORCE_DOMAINS</Process><Process ToolSource="c:\program files\arcgis\pro\Resources\ArcToolbox\toolboxes\Data Management Tools.tbx\CalculateField" Date="20220718" Time="154038">CalculateField base_estrutura_100k COD_FOLHA "SA-24-Y-D-IV" "Python 3" # Text NO_ENFORCE_DOMAINS</Process><Process ToolSource="c:\program files\arcgis\pro\Resources\ArcToolbox\toolboxes\Data Management Tools.tbx\Append" Date="20220718" Time="164410">Append solanea_estrutura_Clip "C:\1_Trabalhos_DIGEOP\Arquivos\- Atividades 2022\Base_estruturas.gdb\Camadas\base_estrutura_100k" "Use the field map to reconcile field differences" "ID_MAPA "ID_MAPA" true true false 4 Long 0 0,First,#;NOME_MAPA "NOME_MAPA" true true false 255 Text 0 0,First,#;TIPO_ESTRURA "TIPO_ESTRU" true true false 255 Text 0 0,First,#,solanea_estrutura_Clip,TIPO_ESTRU,0,50;NMESTRUTURA "NMESTRUTU" true true false 255 Text 0 0,First,#,solanea_estrutura_Clip,NOME_ESTRU,0,254;SENTIDO_DESLOCAMENTO "SENTIDODE_" true true false 30 Text 0 0,First,#;ANG_NORTE "ANG_NORTE" true true false 2 Short 0 0,First,#;MERGULHO "MERGULHO" true true false 2 Short 0 0,First,#;RUMO "RUMO" true true false 4 Text 0 0,First,#;DESLOC "DESLOC" true true false 50 Text 0 0,First,#;IDADE_DESL "IDADE_DESL" true true false 2 Short 0 0,First,#;ORIGEM "ORIGEM" true true false 50 Text 0 0,First,#;REGIME_TEC "REGIME_TEC" true true false 30 Text 0 0,First,#;EVENTO_ORO "EVENTO_ORO" true true false 100 Text 0 0,First,#;COD_FOLHA "COD_FOLHA" true true false 255 Text 0 0,First,#;GRUPO "GRUPO" true true false 4 Long 0 0,First,#;ESCALA "ESCALA" true true false 4 Long 0 0,First,#" # #</Process><Process ToolSource="c:\program files\arcgis\pro\Resources\ArcToolbox\toolboxes\Data Management Tools.tbx\CalculateField" Date="20220718" Time="164458">CalculateField base_estrutura_100k ID_MAPA 103 "Python 3" # Text NO_ENFORCE_DOMAINS</Process><Process ToolSource="c:\program files\arcgis\pro\Resources\ArcToolbox\toolboxes\Data Management Tools.tbx\CalculateField" Date="20220718" Time="164629">CalculateField base_estrutura_100k NOME_MAPA "Carta geológica da folha Solânea - UFPE" "Python 3" # Text NO_ENFORCE_DOMAINS</Process><Process ToolSource="c:\program files\arcgis\pro\Resources\ArcToolbox\toolboxes\Data Management Tools.tbx\CalculateField" Date="20220718" Time="164715">CalculateField base_estrutura_100k COD_FOLHA "SB-25-Y-A-IV" "Python 3" # Text NO_ENFORCE_DOMAINS</Process><Process ToolSource="c:\program files\arcgis\pro\Resources\ArcToolbox\toolboxes\Data Management Tools.tbx\Append" Date="20220719" Time="084911">Append serra_talhada_estrutura_Clip "C:\1_Trabalhos_DIGEOP\Arquivos\- Atividades 2022\Base_estruturas.gdb\Camadas\base_estrutura_100k" "Use the field map to reconcile field differences" "ID_MAPA "ID_MAPA" true true false 4 Long 0 0,First,#;NOME_MAPA "NOME_MAPA" true true false 255 Text 0 0,First,#;TIPO_ESTRURA "TIPO_ESTRU" true true false 255 Text 0 0,First,#,serra_talhada_estrutura_Clip,TIPO_ESTRU,0,254;NMESTRUTURA "NMESTRUTU" true true false 255 Text 0 0,First,#;SENTIDO_DESLOCAMENTO "SENTIDODE_" true true false 30 Text 0 0,First,#;ANG_NORTE "ANG_NORTE" true true false 2 Short 0 0,First,#;MERGULHO "MERGULHO" true true false 2 Short 0 0,First,#;RUMO "RUMO" true true false 4 Text 0 0,First,#;DESLOC "DESLOC" true true false 50 Text 0 0,First,#;IDADE_DESL "IDADE_DESL" true true false 2 Short 0 0,First,#;ORIGEM "ORIGEM" true true false 50 Text 0 0,First,#;REGIME_TEC "REGIME_TEC" true true false 30 Text 0 0,First,#;EVENTO_ORO "EVENTO_ORO" true true false 100 Text 0 0,First,#;COD_FOLHA "COD_FOLHA" true true false 255 Text 0 0,First,#;GRUPO "GRUPO" true true false 4 Long 0 0,First,#;ESCALA "ESCALA" true true false 4 Long 0 0,First,#" # #</Process><Process ToolSource="c:\program files\arcgis\pro\Resources\ArcToolbox\toolboxes\Data Management Tools.tbx\CalculateField" Date="20220719" Time="085114">CalculateField base_estrutura_100k ID_MAPA 414
 "Python 3" # Text NO_ENFORCE_DOMAINS</Process><Process ToolSource="c:\program files\arcgis\pro\Resources\ArcToolbox\toolboxes\Data Management Tools.tbx\CalculateField" Date="20220719" Time="085137">CalculateField base_estrutura_100k NOME_MAPA "Carta geológica da folha Serra Talhada - UFPE" "Python 3" # Text NO_ENFORCE_DOMAINS</Process><Process ToolSource="c:\program files\arcgis\pro\Resources\ArcToolbox\toolboxes\Data Management Tools.tbx\CalculateField" Date="20220719" Time="085226">CalculateField base_estrutura_100k COD_FOLHA "SB-24-Z-C-V" "Python 3" # Text NO_ENFORCE_DOMAINS</Process><Process ToolSource="c:\program files\arcgis\pro\Resources\ArcToolbox\toolboxes\Data Management Tools.tbx\Append" Date="20221214" Time="185320">Append guapiara_estrutura "C:\1_Trabalhos_DIGEOP\Arquivos\- Atividades 2022\Base_estruturas.gdb\Camadas\base_estrutura_100k" "Use the field map to reconcile field differences" "ID_MAPA "ID_MAPA" true true false 4 Long 0 0,First,#;NOME_MAPA "NOME_MAPA" true true false 255 Text 0 0,First,#;TIPO_ESTRURA "TIPO_ESTRU" true true false 255 Text 0 0,First,#,guapiara_estrutura,TIPO_ESTRU,0,50;NMESTRUTURA "NMESTRUTU" true true false 255 Text 0 0,First,#,guapiara_estrutura,NOME_ESTRU,0,50;SENTIDO_DESLOCAMENTO "SENTIDODE_" true true false 30 Text 0 0,First,#;ANG_NORTE "ANG_NORTE" true true false 2 Short 0 0,First,#;MERGULHO "MERGULHO" true true false 2 Short 0 0,First,#;RUMO "RUMO" true true false 4 Text 0 0,First,#;DESLOC "DESLOC" true true false 50 Text 0 0,First,#;IDADE_DESL "IDADE_DESL" true true false 2 Short 0 0,First,#;ORIGEM "ORIGEM" true true false 50 Text 0 0,First,#;REGIME_TEC "REGIME_TEC" true true false 30 Text 0 0,First,#;EVENTO_ORO "EVENTO_ORO" true true false 100 Text 0 0,First,#;COD_FOLHA "COD_FOLHA" true true false 255 Text 0 0,First,#;GRUPO "GRUPO" true true false 4 Long 0 0,First,#;ESCALA "ESCALA" true true false 4 Long 0 0,First,#" # #</Process><Process ToolSource="c:\program files\arcgis\pro\Resources\ArcToolbox\toolboxes\Data Management Tools.tbx\Merge" Date="20221214" Time="185742">Merge base_estrutura_100k "C:\1_Trabalhos_DIGEOP\Arquivos\- Atividades 2022\Nov\18 - Nov\sig_guapiara\Guapiara\Estrutura\guapiara_estrutura.shp" "TIPO_ESTRURA "TIPO_ESTRU" true true false 255 Text 0 0,First,#,base_estrutura_100k,TIPO_ESTRURA,0,255;NMESTRUTURA "NMESTRUTU" true true false 255 Text 0 0,First,#,base_estrutura_100k,NMESTRUTURA,0,255;SENTIDO_DESLOCAMENTO "SENTIDODE_" true true false 30 Text 0 0,First,#,base_estrutura_100k,SENTIDO_DESLOCAMENTO,0,30;ANG_NORTE "ANG_NORTE" true true false 2 Short 0 0,First,#,base_estrutura_100k,ANG_NORTE,-1,-1;MERGULHO "MERGULHO" true true false 2 Short 0 0,First,#,base_estrutura_100k,MERGULHO,-1,-1;RUMO "RUMO" true true false 4 Text 0 0,First,#,base_estrutura_100k,RUMO,0,4;DESLOC "DESLOC" true true false 50 Text 0 0,First,#,base_estrutura_100k,DESLOC,0,50;IDADE_DESL "IDADE_DESL" true true false 2 Short 0 0,First,#,base_estrutura_100k,IDADE_DESL,-1,-1;ORIGEM "ORIGEM" true true false 50 Text 0 0,First,#,base_estrutura_100k,ORIGEM,0,50;REGIME_TEC "REGIME_TEC" true true false 30 Text 0 0,First,#,base_estrutura_100k,REGIME_TEC,0,30;EVENTO_ORO "EVENTO_ORO" true true false 100 Text 0 0,First,#,base_estrutura_100k,EVENTO_ORO,0,100" NO_SOURCE_INFO</Process><Process ToolSource="c:\program files\arcgis\pro\Resources\ArcToolbox\toolboxes\Data Management Tools.tbx\RepairGeometry" Date="20221214" Time="185809">RepairGeometry guapiara_estrutura DELETE_NULL OGC</Process></lineage><itemProps><itemLocation><linkage Sync="TRUE">file://\\NR13085666192\C$\1_Trabalhos_DIGEOP\Arquivos\- Atividades 2022\Nov\18 - Nov\sig_guapiara\Guapiara\Estrutura\guapiara_estrutura.shp</linkage><protocol Sync="TRUE">Local Area Network</protocol></itemLocation><itemName Sync="TRUE">guapiara_estrutura</itemName><imsContentType Sync="TRUE">002</imsContentType><itemSize Sync="TRUE">0.000</itemSize></itemProps><coordRef><type Sync="TRUE">Geographic</type><geogcsn Sync="TRUE">GCS_SIRGAS_2000</geogcsn><csUnits Sync="TRUE">Angular Unit: Degree (0.017453)</csUnits><peXml Sync="TRUE">&lt;GeographicCoordinateSystem xsi:type='typens:GeographicCoordinateSystem' xmlns:xsi='http://www.w3.org/2001/XMLSchema-instance' xmlns:xs='http://www.w3.org/2001/XMLSchema' xmlns:typens='http://www.esri.com/schemas/ArcGIS/3.0.0'&gt;&lt;WKT&gt;GEOGCS[&amp;quot;GCS_SIRGAS_2000&amp;quot;,DATUM[&amp;quot;D_SIRGAS_2000&amp;quot;,SPHEROID[&amp;quot;GRS_1980&amp;quot;,6378137.0,298.257222101]],PRIMEM[&amp;quot;Greenwich&amp;quot;,0.0],UNIT[&amp;quot;Degree&amp;quot;,0.0174532925199433],AUTHORITY[&amp;quot;EPSG&amp;quot;,4674]]&lt;/WKT&gt;&lt;XOrigin&gt;-400&lt;/XOrigin&gt;&lt;YOrigin&gt;-400&lt;/YOrigin&gt;&lt;XYScale&gt;11258999068426.238&lt;/XYScale&gt;&lt;ZOrigin&gt;-100000&lt;/ZOrigin&gt;&lt;ZScale&gt;10000&lt;/ZScale&gt;&lt;MOrigin&gt;-100000&lt;/MOrigin&gt;&lt;MScale&gt;10000&lt;/MScale&gt;&lt;XYTolerance&gt;8.983152841195215e-09&lt;/XYTolerance&gt;&lt;ZTolerance&gt;0.001&lt;/ZTolerance&gt;&lt;MTolerance&gt;0.001&lt;/MTolerance&gt;&lt;HighPrecision&gt;true&lt;/HighPrecision&gt;&lt;LeftLongitude&gt;-180&lt;/LeftLongitude&gt;&lt;WKID&gt;4674&lt;/WKID&gt;&lt;LatestWKID&gt;4674&lt;/LatestWKID&gt;&lt;/GeographicCoordinateSystem&gt;</peXml></coordRef></DataProperties><SyncDate>20221214</SyncDate><SyncTime>18574200</SyncTime><ModDate>20221214</ModDate><ModTime>18574200</ModTime></Esri><dataIdInfo><envirDesc Sync="TRUE">Microsoft Windows 10 Version 10.0 (Build 19044) ; Esri ArcGIS 13.0.0.36056</envirDesc><dataLang><languageCode value="por" Sync="TRUE"></languageCode><countryCode value="BRA" Sync="TRUE"></countryCode></dataLang><idCitation><resTitle Sync="TRUE">guapiara_estrutura</resTitle><presForm><PresFormCd value="005" Sync="TRUE"></PresFormCd></presForm></idCitation><spatRpType><SpatRepTypCd value="001" Sync="TRUE"></SpatRepTypCd></spatRpType></dataIdInfo><mdLang><languageCode value="por" Sync="TRUE"></languageCode><countryCode value="BRA" Sync="TRUE"></countryCode></mdLang><distInfo><distFormat><formatName Sync="TRUE">Shapefile</formatName></distFormat><distTranOps><transSize Sync="TRUE">0.000</transSize></distTranOps></distInfo><mdHrLv><ScopeCd value="005" Sync="TRUE"></ScopeCd></mdHrLv><mdHrLvName Sync="TRUE">dataset</mdHrLvName><refSysInfo><RefSystem><refSysID><identCode code="4674" Sync="TRUE"></identCode><idCodeSpace Sync="TRUE">EPSG</idCodeSpace><idVersion Sync="TRUE">6.11(9.2.0)</idVersion></refSysID></RefSystem></refSysInfo><spatRepInfo><VectSpatRep><geometObjs Name="guapiara_estrutura"><geoObjTyp><GeoObjTypCd value="002" Sync="TRUE"></GeoObjTypCd></geoObjTyp><geoObjCnt Sync="TRUE">0</geoObjCnt></geometObjs><topLvl><TopoLevCd value="001" Sync="TRUE"></TopoLevCd></topLvl></VectSpatRep></spatRepInfo><spdoinfo><ptvctinf><esriterm Name="guapiara_estrutura"><efeatyp Sync="TRUE">Simple</efeatyp><efeageom code="3" Sync="TRUE"></efeageom><esritopo Sync="TRUE">FALSE</esritopo><efeacnt Sync="TRUE">0</efeacnt><spindex Sync="TRUE">FALSE</spindex><linrefer Sync="TRUE">FALSE</linrefer></esriterm></ptvctinf></spdoinfo><eainfo><detailed Name="guapiara_estrutura"><enttyp><enttypl Sync="TRUE">guapiara_estrutura</enttypl><enttypt Sync="TRUE">Feature Class</enttypt><enttypc Sync="TRUE">0</enttypc></enttyp><attr><attrlabl Sync="TRUE">FID</attrlabl><attalias Sync="TRUE">FID</attalias><attrtype Sync="TRUE">OID</attrtype><attwidth Sync="TRUE">4</attwidth><atprecis Sync="TRUE">0</atprecis><attscale Sync="TRUE">0</attscale><attrdef Sync="TRUE">Internal feature number.</attrdef><attrdefs Sync="TRUE">Esri</attrdefs><attrdomv><udom Sync="TRUE">Sequential unique whole numbers that are automatically generated.</udom></attrdomv></attr><attr><attrlabl Sync="TRUE">Shape</attrlabl><attalias Sync="TRUE">Shape</attalias><attrtype Sync="TRUE">Geometry</attrtype><attwidth Sync="TRUE">0</attwidth><atprecis Sync="TRUE">0</atprecis><attscale Sync="TRUE">0</attscale><attrdef Sync="TRUE">Feature geometry.</attrdef><attrdefs Sync="TRUE">Esri</attrdefs><attrdomv><udom Sync="TRUE">Coordinates defining the features.</udom></attrdomv></attr><attr><attrlabl Sync="TRUE">TIPO_ESTRU</attrlabl><attalias Sync="TRUE">TIPO_ESTRU</attalias><attrtype Sync="TRUE">String</attrtype><attwidth Sync="TRUE">254</attwidth><atprecis Sync="TRUE">0</atprecis><attscale Sync="TRUE">0</attscale></attr><attr><attrlabl Sync="TRUE">NMESTRUTUR</attrlabl><attalias Sync="TRUE">NMESTRUTUR</attalias><attrtype Sync="TRUE">String</attrtype><attwidth Sync="TRUE">254</attwidth><atprecis Sync="TRUE">0</atprecis><attscale Sync="TRUE">0</attscale></attr><attr><attrlabl Sync="TRUE">SENTIDO_DE</attrlabl><attalias Sync="TRUE">SENTIDO_DE</attalias><attrtype Sync="TRUE">String</attrtype><attwidth Sync="TRUE">30</attwidth><atprecis Sync="TRUE">0</atprecis><attscale Sync="TRUE">0</attscale></attr><attr><attrlabl Sync="TRUE">ANG_NORTE</attrlabl><attalias Sync="TRUE">ANG_NORTE</attalias><attrtype Sync="TRUE">Integer</attrtype><attwidth Sync="TRUE">5</attwidth><atprecis Sync="TRUE">5</atprecis><attscale Sync="TRUE">0</attscale></attr><attr><attrlabl Sync="TRUE">MERGULHO</attrlabl><attalias Sync="TRUE">MERGULHO</attalias><attrtype Sync="TRUE">Integer</attrtype><attwidth Sync="TRUE">5</attwidth><atprecis Sync="TRUE">5</atprecis><attscale Sync="TRUE">0</attscale></attr><attr><attrlabl Sync="TRUE">RUMO</attrlabl><attalias Sync="TRUE">RUMO</attalias><attrtype Sync="TRUE">String</attrtype><attwidth Sync="TRUE">4</attwidth><atprecis Sync="TRUE">0</atprecis><attscale Sync="TRUE">0</attscale></attr><attr><attrlabl Sync="TRUE">DESLOC</attrlabl><attalias Sync="TRUE">DESLOC</attalias><attrtype Sync="TRUE">String</attrtype><attwidth Sync="TRUE">50</attwidth><atprecis Sync="TRUE">0</atprecis><attscale Sync="TRUE">0</attscale></attr><attr><attrlabl Sync="TRUE">IDADE_DESL</attrlabl><attalias Sync="TRUE">IDADE_DESL</attalias><attrtype Sync="TRUE">Integer</attrtype><attwidth Sync="TRUE">5</attwidth><atprecis Sync="TRUE">5</atprecis><attscale Sync="TRUE">0</attscale></attr><attr><attrlabl Sync="TRUE">ORIGEM</attrlabl><attalias Sync="TRUE">ORIGEM</attalias><attrtype Sync="TRUE">String</attrtype><attwidth Sync="TRUE">50</attwidth><atprecis Sync="TRUE">0</atprecis><attscale Sync="TRUE">0</attscale></attr><attr><attrlabl Sync="TRUE">REGIME_TEC</attrlabl><attalias Sync="TRUE">REGIME_TEC</attalias><attrtype Sync="TRUE">String</attrtype><attwidth Sync="TRUE">30</attwidth><atprecis Sync="TRUE">0</atprecis><attscale Sync="TRUE">0</attscale></attr><attr><attrlabl Sync="TRUE">EVENTO_ORO</attrlabl><attalias Sync="TRUE">EVENTO_ORO</attalias><attrtype Sync="TRUE">String</attrtype><attwidth Sync="TRUE">100</attwidth><atprecis Sync="TRUE">0</atprecis><attscale Sync="TRUE">0</attscale></attr></detailed></eainfo><mdDateSt Sync="TRUE">20221214</mdDateSt></metadata>
